locus_tag,gene,gc_percent,length_bp
b0001,thrL,51.52,66
b0002,thrA,53.07,2463
b0003,thrB,56.27,933
b0004,thrC,52.84,1287
b0005,yaaX,53.87,297
b0006,yaaA,49.68,777
b0007,yaaJ,53.32,1431
b0008,talB,51.99,954
b0009,mog,54.42,588
b0010,satP,53.09,567
b0011,yaaW,50.84,714
b0012,mbiA,48.15,486
b0013,yaaI,48.89,405
b0014,dnaK,51.12,1917
b0015,dnaJ,55.17,1131
b0016,insL1,51.93,1113
b0018,mokC,51.43,210
b4412,hokC,52.94,153
b0019,nhaA,51.41,1167
b0020,nhaR,47.46,906
b0021,insB1,54.56,504
b0022,insA1,52.9,276
b0023,rpsT,46.59,264
b0024,yaaY,48.86,219
b0025,ribF,53.61,942
b0026,ileS,55.77,2817
b0027,lspA,53.54,495
b0028,fkpB,54.44,450
b0029,ispH,55.1,951
b0030,rihC,56.28,915
b0031,dapB,53.41,822
b0032,carA,53.35,1149
b0033,carB,56.27,3222
b0034,caiF,45.96,396
b0035,caiE,54.99,591
b0036,caiD,54.07,786
b0037,caiC,51.03,1554
b0038,caiB,52.63,1218
b0039,caiA,53.89,1143
b0040,caiT,51.82,1515
b0041,fixA,52.53,771
b0042,fixB,56.69,942
b0043,fixC,54.93,1287
b0044,fixX,56.94,288
b0045,yaaU,53.3,1332
b0046,kefF,54.61,531
b0047,kefC,55.5,1863
b0048,folA,52.71,480
b0049,apaH,55.75,843
b0050,apaG,51.85,378
b0051,rsmA,53.04,822
b0052,pdxA,56.36,990
b0053,surA,53.85,1287
b0054,lptD,51.38,2355
b0055,djlA,52.7,816
b0056,yabP,45.16,651
b0057,yabQ,33.96,159
b0058,rluA,53.94,660
b0059,rapA,54.9,2907
b0060,polB,55.36,2352
b0061,araD,55.32,696
b0062,araA,55.49,1503
b0063,araB,58.02,1701
b0064,araC,52.56,879
b0065,yabI,53.86,765
b0066,thiQ,57.08,699
b0067,thiP,58.41,1611
b0068,thiB,53.25,984
b0069,sgrR,54.89,1656
b4662,sgrT,46.97,132
b0070,setA,48.52,1179
b0071,leuD,51.49,606
b0072,leuC,55.75,1401
b0073,leuB,55.49,1092
b0074,leuA,52.99,1572
b0075,leuL,47.13,87
b0076,leuO,45.71,945
b4726,yabR,31.11,45
b0077,ilvI,52.93,1725
b0078,ilvH,50.2,492
b0080,cra,54.93,1005
b0081,mraZ,52.07,459
b0082,rsmH,55.2,942
b0083,ftsL,50.27,366
b0084,ftsI,53.99,1767
b0085,murE,56.59,1488
b0086,murF,55.11,1359
b0087,mraY,53.37,1083
b0088,murD,54.9,1317
b0089,ftsW,53.01,1245
b0090,murG,56.09,1068
b0091,murC,54.74,1476
b0092,ddlB,51.57,921
b0093,ftsQ,53.31,831
b0094,ftsA,52.1,1263
b0095,ftsZ,54.17,1152
b0096,lpxC,51.09,918
b0097,secM,54.0,513
b0098,secA,52.4,2706
b0099,mutT,49.23,390
b0101,yacG,51.52,198
b0102,zapD,51.48,744
b0103,coaE,52.66,621
b4727,yacM,31.11,45
b0104,guaC,51.34,1044
b0106,hofC,51.95,1203
b0107,hofB,53.46,1386
b0108,ppdD,53.06,441
b0109,nadC,53.13,894
b0110,ampD,53.8,552
b0111,ampE,52.05,855
b0112,aroP,52.69,1374
b0113,pdhR,55.82,765
b0114,aceE,53.04,2664
b0115,aceF,54.68,1893
b0116,lpd,53.05,1425
b0117,yacH,53.88,1854
b0118,acnB,55.89,2598
b0119,yacL,52.07,363
b0120,speD,46.16,795
b0121,speE,50.75,867
b0122,yacC,50.0,348
b0123,cueO,54.67,1551
b0124,gcd,55.42,2391
b0125,hpt,50.65,537
b0126,can,50.68,663
b0127,yadG,49.62,927
b0128,yadH,50.71,771
b0129,yadI,49.21,441
b0130,yadE,49.51,1230
b0131,panD,52.49,381
b0132,rpnC,48.84,903
b0133,panC,52.7,852
b0134,panB,54.59,795
b0135,yadC,40.36,1239
b0136,yadK,41.37,597
b0137,yadL,42.57,606
b0138,yadM,42.81,570
b0139,htrE,43.34,2598
b0140,yadV,44.4,741
b0141,yadN,44.79,585
b0142,folK,50.0,480
b0143,pcnB,55.87,1398
b0144,gluQ,53.61,927
b0145,dksA,52.63,456
b0146,sfsA,49.36,705
b0147,thpR,55.93,531
b0148,hrpB,56.58,2430
b0149,mrcB,55.15,2535
b0149,mrcB,55.38,2400
b0150,fhuA,51.25,2244
b0151,fhuC,56.89,798
b0152,fhuD,54.66,891
b0153,fhuB,59.76,1983
b0154,hemL,55.5,1281
b4765,yadX,37.5,48
b0155,clcA,53.87,1422
b4728,yadW,39.39,66
b0156,erpA,50.72,345
b0157,yadS,53.69,624
b0158,btuF,52.93,801
b0159,mtn,52.36,699
b0160,dgt,47.96,1518
b0161,degP,53.96,1425
b0162,cdaR,52.85,1158
b0163,yaeH,44.44,387
b0164,yaeI,51.41,813
b0166,dapD,53.09,825
b0167,glnD,53.95,2673
b0168,map,50.44,795
b0169,rpsB,51.38,726
b0170,tsf,49.88,852
b0171,pyrH,52.75,726
b0172,frr,50.9,558
b0173,dxr,52.63,1197
b0174,ispU,50.0,762
b0175,cdsA,50.82,858
b0176,rseP,50.92,1353
b0177,bamA,50.68,2433
b0178,skp,50.21,486
b0179,lpxD,52.83,1026
b0180,fabZ,50.44,456
b0181,lpxA,53.11,789
b0182,lpxB,53.79,1149
b0183,rnhB,57.29,597
b0184,dnaE,54.95,3483
b0185,accA,52.29,960
b0186,ldcC,50.89,2142
b0187,yaeR,50.51,390
b0188,tilS,58.04,1299
b0189,rof,47.84,255
b4406,yaeP,50.75,201
b0190,yaeQ,52.38,546
b0191,arfB,54.14,423
b0192,nlpE,52.32,711
b0193,yaeF,49.33,825
b0194,proS,54.51,1719
b0195,trmO,55.23,708
b0196,rcsF,53.33,405
b0197,metQ,49.14,816
b0198,metI,52.29,654
b0199,metN,52.91,1032
b0200,gmhB,50.17,576
b0207,dkgB,46.27,804
b0208,yafC,49.62,915
b0209,yafD,52.68,801
b0210,yafE,49.04,624
b0211,mltD,51.95,1359
b0212,gloB,40.21,756
b4815,ykfO,39.39,33
b0213,yafS,49.38,723
b0214,rnhA,50.43,468
b0215,dnaQ,50.14,732
b0217,yafT,42.75,786
b4586,ykfM,30.63,480
b0219,yafV,54.73,771
b0220,ivy,50.0,474
b0221,fadE,56.89,2445
b0222,gmhA,50.95,579
b0223,yafJ,53.65,768
b0224,dpaA,48.45,741
b0225,yafQ,39.43,279
b0226,dinJ,46.74,261
b0227,yafL,52.4,750
b0228,rayT,44.78,498
b0231,dinB,54.17,1056
b0232,yafN,42.18,294
b0233,yafO,43.61,399
b0234,yafP,43.27,453
b0237,pepD,51.37,1458
b0238,gpt,51.85,459
b0239,frsA,53.65,1245
b0240,crl,50.5,402
b4710,insB9,54.56,504
b4709,insA9,52.9,276
b0241,phoE,44.7,1056
b0242,proB,56.25,1104
b0243,proA,54.31,1254
b0245,ykfI,51.17,342
b0246,yafW,56.92,318
b4504,ykfH,55.86,222
b0247,ykfG,58.49,477
b0248,yafX,55.56,459
b0249,ykfF,58.75,240
b0250,ykfB,52.56,468
b0251,yafY,50.68,444
b0252,yafZ,57.79,822
b0253,ykfA,56.83,864
b0254,perR,47.99,894
b4587,insN,51.59,690
b0256,insI1,45.83,1152
b0258,ykfC,54.54,1146
b0259,insH1,55.05,981
b0260,mmuP,54.84,1404
b0261,mmuM,60.34,933
b0262,afuC,56.35,1047
b0264,insB2,55.16,504
b0265,insA2,53.26,276
b0266,yagB,51.0,351
b0267,yagA,62.08,1155
b0268,yagE,61.61,909
b0269,yagF,66.72,1968
b0270,yagG,62.47,1383
b0271,yagH,64.37,1611
b0272,xynR,63.24,759
b0273,argF,58.81,1005
b4766,argL,30.21,96
b4688,ykgS,42.64,129
b0274,insB3,55.16,504
b0275,insA3,53.26,276
b0276,yagJ,48.91,732
b0277,yagK,44.82,627
b0278,yagL,37.34,699
b0279,yagM,36.26,855
b4729,ykgV,40.89,225
b0280,yagN,43.54,441
b0281,intF,44.33,1401
b0282,yagP,52.55,411
b0283,paoD,59.98,957
b0284,paoC,59.44,2199
b0285,paoB,60.71,957
b0286,paoA,54.78,690
b0287,yagU,45.2,615
b0288,ykgJ,50.3,330
b0289,ecpE,53.02,711
b0290,ecpD,51.58,1644
b0291,ecpC,55.27,2526
b0292,ecpB,54.86,669
b0293,ecpA,52.89,588
b0294,matA,39.09,591
b0295,ykgL,43.86,228
b4506,ykgO,41.84,141
b0296,ykgM,45.83,264
b4671,ykgR,28.43,102
b0298,insE1,50.0,300
b0299,insF1,55.13,867
b0301,rclC,44.95,594
b0303,rclB,35.44,237
b0304,rclA,45.55,1326
b0305,rclR,51.23,855
b0306,ykgE,50.56,720
b0307,ykgF,50.21,1428
b0308,ykgG,52.16,696
b0310,ykgH,36.92,669
b0311,betA,57.09,1671
b0312,betB,58.25,1473
b0313,betI,56.8,588
b0314,betT,55.31,2034
b4730,yahV,24.0,75
b0315,pdeL,45.91,1089
b0316,yahB,49.3,933
b0317,yahC,52.81,498
b0318,yahD,45.38,606
b0319,yahE,47.11,864
b0320,yahF,55.56,1548
b0321,yahG,58.35,1419
b0322,yahH,57.63,321
b0323,yahI,56.15,951
b0324,yahJ,56.25,1383
b0325,yahK,53.33,1050
b0326,yahL,38.85,816
b0327,yahM,46.75,246
b0328,yahN,49.4,672
b0329,yahO,38.77,276
b0330,prpR,55.2,1587
b0331,prpB,56.12,891
b0333,prpC,55.64,1170
b0334,prpD,56.96,1452
b0335,prpE,58.4,1887
b0336,codB,53.89,1260
b0337,codA,53.43,1284
b0338,cynR,55.0,900
b0339,cynT,57.27,660
b0340,cynS,50.53,471
b0341,cynX,58.7,1155
b0342,lacA,42.81,612
b0343,lacY,46.33,1254
b0344,lacZ,56.26,3075
b0345,lacI,56.33,1083
b0346,mhpR,55.76,834
b0347,mhpA,57.0,1665
b0348,mhpB,57.78,945
b0349,mhpC,54.67,867
b0350,mhpD,55.19,810
b0351,mhpF,54.47,951
b0352,mhpE,56.51,1014
b0353,mhpT,57.43,1212
b0354,yaiL,48.15,540
b0355,frmB,48.56,834
b0356,frmA,53.69,1110
b0357,frmR,53.26,276
b0358,yaiO,50.13,774
b4579,yaiX,45.21,699
b0360,insC1,53.01,366
b0361,insD1,55.08,906
b0363,yaiP,49.96,1197
b4731,ykiC,43.33,120
b0364,yaiS,43.37,558
b0365,tauA,56.28,963
b0366,tauB,55.99,768
b0367,tauC,57.25,828
b0368,tauD,54.46,852
b0369,hemB,53.95,975
b4580,yaiT,45.3,2907
b4767,ytiB,42.11,57
b0372,insF2,55.13,867
b0373,insE2,50.0,300
b0375,iprA,39.42,624
b0376,ampH,55.35,1158
b0377,sbmA,51.35,1221
b0378,yaiW,53.42,1095
b0379,yaiY,52.43,309
b0380,yaiZ,48.83,213
b0381,ddlA,51.05,1095
b0382,iraP,46.36,261
b0383,phoA,53.39,1416
b0384,psiF,47.66,321
b0385,dgcC,53.67,1116
b0386,proC,54.57,810
b0387,yaiI,56.43,459
b0388,aroL,52.19,525
b0389,yaiA,48.44,192
b0390,aroM,46.46,678
b0391,ppnP,51.93,285
b4732,ykiD,41.67,84
b0393,rdgC,51.54,912
b0394,mak,55.67,909
b0396,araJ,50.72,1185
b0397,sbcC,53.8,3147
b0398,sbcD,53.28,1203
b0399,phoB,54.49,690
b0400,phoR,53.01,1296
b0401,brnQ,55.61,1320
b0402,proY,52.91,1374
b0403,malZ,54.6,1815
b0404,acpH,53.09,582
b0405,queA,54.15,1071
b0406,tgt,51.33,1128
b0407,yajC,49.55,333
b0408,secD,53.19,1848
b0409,secF,51.65,972
b0410,yajD,47.13,348
b0411,tsx,50.51,885
b0412,yajI,47.59,540
b0413,nrdR,51.33,450
b0414,ribD,55.34,1104
b0415,ribE,52.23,471
b0416,nusB,53.81,420
b0417,thiL,54.4,978
b0418,pgpA,53.18,519
b0419,yajO,53.03,975
b0420,dxs,54.27,1863
b0421,ispA,54.22,900
b0422,xseB,55.14,243
b0423,thiI,52.17,1449
b0424,yajL,56.51,591
b0425,panE,51.86,912
b0426,yajQ,50.0,492
b0427,yajR,52.6,1365
b0428,cyoE,53.76,891
b0429,cyoD,49.7,330
b0430,cyoC,53.5,615
b0431,cyoB,52.96,1992
b0432,cyoA,50.95,948
b0433,ampG,53.66,1476
b0434,yajG,51.3,579
b0435,bolA,48.43,318
b0436,tig,51.19,1299
b0437,clpP,51.12,624
b0438,clpX,51.53,1275
b0439,lon,52.31,2355
b0440,hupB,49.08,273
b0441,ppiD,52.35,1872
b0442,ybaV,54.84,372
b0443,fadM,46.12,399
b0444,queC,51.72,696
b0445,ybaE,52.97,1701
b0446,cof,51.4,819
b0447,decR,51.85,459
b0448,mdlA,54.03,1773
b0449,mdlB,56.29,1782
b0450,glnK,50.74,339
b0451,amtB,56.18,1287
b0452,tesB,52.5,861
b0453,ybaY,53.93,573
b0454,ybaZ,54.1,390
b0456,ybaA,49.44,354
b0457,pdeB,48.03,1551
b0458,ylaC,47.13,471
b0459,maa,48.37,552
b0460,hha,40.64,219
b0461,tomB,40.53,375
b0462,acrB,53.97,3150
b0463,acrA,53.85,1194
b0464,acrR,45.37,648
b0465,mscK,51.89,3363
b0466,ybaM,48.15,162
b0467,priC,58.9,528
b0468,ybaN,52.12,378
b0469,apt,54.35,552
b0470,dnaX,57.66,1932
b0470,dnaX,58.33,1296
b0471,ybaB,52.73,330
b0472,recR,57.76,606
b0473,htpG,52.85,1875
b0474,adk,51.78,645
b0475,hemH,53.89,963
b0476,aes,52.08,960
b0477,gsk,51.88,1305
b0478,ybaL,55.46,1677
b0479,fsr,52.42,1221
b0480,ushA,50.88,1653
b0481,ybaK,50.83,480
b0482,ybaP,54.09,795
b0483,ybaQ,44.74,342
b0484,copA,58.28,2505
b0484,copA,52.58,213
b0485,glsA,53.16,933
b0486,ybaT,53.29,1293
b0487,cueR,58.58,408
b0488,ybbJ,57.3,459
b0489,qmcA,52.83,918
b0490,fetA,45.43,678
b0491,fetB,46.15,780
b0492,cnoX,55.91,855
b0493,ybbO,54.32,810
b0494,tesA,52.79,627
b0495,ybbA,56.62,687
b0496,ybbP,57.6,2415
b0497,rhsD,60.13,4281
b0498,ybbC,30.62,369
b0502,ylbG,50.27,372
b0503,selU,55.62,1095
b0504,allS,52.43,927
b0505,allA,51.14,483
b0506,allR,52.57,816
b0507,gcl,52.92,1782
b0508,hyi,44.66,777
b0509,glxR,50.74,879
b0511,ybbW,47.01,1455
b0512,allB,51.62,1362
b0513,ybbY,51.23,1302
b0514,glxK,55.58,1146
b0515,allE,46.18,786
b0516,allC,51.38,1236
b0517,allD,52.38,1050
b0518,fdrA,55.58,1668
b4572,ylbE,57.22,1260
b0520,ylbF,56.86,816
b0521,ybcF,56.94,894
b0522,purK,56.46,1068
b0523,purE,59.02,510
b0524,lpxH,54.5,723
b0525,ppiB,47.88,495
b0526,cysS,54.47,1386
b0527,ybcI,53.07,522
b0528,ybcJ,54.93,213
b0529,folD,54.33,867
b0530,sfmA,44.57,543
b0531,sfmC,42.57,693
b0532,sfmD,47.81,2604
b0533,sfmH,45.53,984
b0534,sfmF,50.0,516
b0535,fimZ,36.65,633
b0537,intD,46.91,1164
b0542,renD,50.0,306
b0540,insE3,50.0,300
b0541,insF3,55.13,867
b0543,emrE,41.14,333
b4733,ylcJ,24.67,150
b0544,ybcK,35.56,1527
b0545,ybcL,42.39,552
b0546,ybcM,36.22,798
b4588,ylcH,49.02,102
b0547,ybcN,50.44,456
b0548,ninE,48.54,171
b0549,ybcO,53.26,291
b0550,rusA,53.17,363
b4509,ylcG,47.52,141
b0551,quuD,42.97,384
b0553,nmpC,44.17,1098
b0552,insH2,55.05,981
b0554,essD,47.69,216
b0555,rrrD,47.59,498
b0556,rzpD,51.3,462
b4510,rzoD,56.83,183
b0557,borD,41.5,294
b0558,ybcV,31.63,411
b0559,ybcW,39.61,207
b4589,ylcI,43.59,195
b0560,nohD,52.56,546
b0561,tfaD,48.94,564
b0563,tfaX,49.46,186
b0564,appY,31.73,750
b0565,ompT,43.4,954
b0566,envY,46.33,762
b0567,ybcH,52.3,891
b0568,nfrA,55.06,2973
b0569,nfrB,52.5,2238
b0570,cusS,52.04,1443
b0571,cusR,53.8,684
b0572,cusC,51.24,1374
b0573,cusF,45.35,333
b0574,cusB,55.72,1224
b0575,cusA,55.69,3144
b0576,pheP,52.51,1377
b0577,ybdG,47.52,1248
b0578,nfsB,51.53,654
b0579,ybdF,47.15,369
b0580,ybdJ,50.6,249
b0581,ybdK,51.92,1119
b4415,hokE,47.71,153
b0582,insL2,51.93,1113
b0583,entD,47.5,621
b0584,fepA,54.08,2241
b0585,fes,54.95,1203
b4511,ybdZ,55.71,219
b0586,entF,56.54,3882
b0587,fepE,44.97,1134
b0588,fepC,53.92,816
b0589,fepG,58.21,993
b0590,fepD,61.0,1005
b0591,entS,58.03,1251
b0592,fepB,55.07,957
b0593,entC,56.46,1176
b0594,entE,56.05,1611
b0595,entB,55.36,858
b0596,entA,57.97,747
b0597,entH,56.76,414
b0598,cstA,57.22,2106
b4512,ybdD,52.02,198
b0599,hcxA,55.19,1089
b0600,ybdL,53.83,1161
b0601,ybdM,46.83,630
b0602,ybdN,47.58,1221
b0603,ybdO,38.65,903
b0604,dsbG,46.85,747
b0605,ahpC,50.0,564
b0606,ahpF,53.13,1566
b0607,uspG,49.88,429
b0608,ybdR,50.12,1239
b4734,yldA,44.44,90
b0610,rnk,54.74,411
b0611,rna,51.18,807
b0612,citT,50.61,1464
b0613,citG,54.72,879
b0614,citX,58.33,552
b0615,citF,56.36,1533
b0616,citE,57.54,909
b0617,citD,55.89,297
b0618,citC,50.9,1059
b0619,dpiB,50.09,1659
b0620,dpiA,50.51,681
b0621,dcuC,50.94,1386
b0622,pagP,46.88,561
b0623,cspE,43.81,210
b0624,crcB,48.44,384
b0627,tatE,50.0,204
b0628,lipA,53.42,966
b0629,ybeF,44.86,954
b0630,lipB,47.66,642
b0631,ybeD,46.21,264
b0632,dacA,49.34,1212
b0633,rlpA,57.3,1089
b0634,mrdB,52.02,1113
b0635,mrdA,52.52,1902
b0636,rlmH,58.33,468
b0637,rsfS,51.26,318
b0638,cobC,51.14,612
b0639,nadD,50.0,642
b0640,holA,52.33,1032
b0641,lptE,52.23,582
b0642,leuS,53.35,2583
b0643,ybeL,52.59,483
b0644,ybeQ,47.03,978
b0645,ybeR,45.76,708
b0646,djlB,47.48,1428
b0647,ybeT,42.7,555
b0648,ybeU,47.6,708
b0649,djlC,47.73,1452
b0650,hscC,50.03,1671
b0651,rihA,50.85,936
b0652,gltL,52.34,726
b0653,gltK,50.22,675
b0654,gltJ,52.5,741
b0655,gltI,48.73,909
b0656,insH3,55.05,981
b0657,lnt,55.69,1539
b0658,ybeX,51.54,879
b0659,ybeY,51.71,468
b0660,ybeZ,54.37,1041
b0661,miaB,54.18,1425
b0662,ubiF,57.14,1176
b0674,asnB,52.13,1665
b0675,umpH,52.99,753
b0676,nagC,52.99,1221
b0677,nagA,51.78,1149
b0678,nagB,48.81,801
b0679,nagE,54.75,1947
b0680,glnS,52.49,1665
b0681,chiP,51.24,1407
b0682,chiQ,48.01,327
b0683,fur,47.87,447
b4637,uof,40.23,87
b0684,fldA,48.96,531
b0685,ybfE,53.74,294
b0686,ybfF,50.85,765
b0687,seqA,49.63,546
b0688,pgm,55.27,1641
b0689,ybfP,45.45,495
b0692,potE,50.61,1320
b0693,speF,49.34,2199
b4803,speFL,42.86,105
b0694,kdpE,56.64,678
b0695,kdpD,57.58,2685
b0696,kdpC,53.58,573
b0697,kdpB,56.22,2049
b0698,kdpA,55.5,1674
b4513,kdpF,48.89,90
b0699,ybfA,50.24,207
b0700,rhsC,59.16,4194
b0702,ybfB,31.19,327
b0704,ybfC,36.67,570
b4514,ybfQ,38.04,255
b0706,ybfD,39.63,762
b0707,ybgA,50.39,510
b0708,phr,53.49,1419
b0709,dtpD,52.43,1482
b0710,ybgI,53.49,744
b0711,pxpB,57.84,657
b0712,pxpC,55.52,933
b0713,pxpA,57.69,735
b0714,nei,52.4,792
b0715,abrB,56.16,1047
b0716,ybgO,44.92,1062
b0717,ybgP,47.74,729
b0718,ybgQ,49.96,2448
b0719,ybgD,46.74,567
b0720,gltA,50.7,1284
b4768,ybgV,33.33,33
b4735,ybgU,34.26,108
b0721,sdhC,49.23,390
b0722,sdhD,51.15,348
b0723,sdhA,56.31,1767
b0724,sdhB,51.6,717
b0726,sucA,55.67,2802
b0727,sucB,55.91,1218
b0728,sucC,54.33,1167
b0729,sucD,53.79,870
b0730,mngR,48.13,723
b0731,mngA,54.58,1977
b0732,mngB,49.35,2634
b0733,cydA,52.9,1569
b0734,cydB,53.86,1140
b4515,cydX,51.75,114
b0735,ybgE,49.66,294
b0736,ybgC,49.63,405
b0737,tolQ,50.51,693
b0738,tolR,51.75,429
b0739,tolA,52.29,1266
b0740,tolB,53.13,1293
b0741,pal,51.34,522
b0742,cpoB,49.49,792
b0750,nadA,50.19,1044
b0751,pnuC,48.19,720
b0752,zitB,53.08,942
b0753,ybgS,50.39,381
b0754,aroG,52.14,1053
b0755,gpmA,51.0,753
b0756,galM,55.62,1041
b0757,galK,52.92,1149
b0758,galT,55.78,1047
b0759,galE,54.38,1017
b0760,modF,52.68,1473
b0761,modE,52.6,789
b0762,acrZ,41.33,150
b0763,modA,50.9,774
b0764,modB,54.06,690
b0765,modC,53.54,1059
b0766,ybhA,51.53,819
b0767,pgl,55.12,996
b0768,ybhD,44.76,954
b0769,ybhH,48.81,1053
b0770,ybhI,49.79,1434
b0771,ybhJ,51.46,2262
b0772,ybhC,53.35,1284
b0773,ybhB,52.41,477
b0774,bioA,56.28,1290
b0775,bioB,55.52,1041
b0776,bioF,58.01,1155
b0777,bioC,56.48,756
b0778,bioD,53.69,678
b0779,uvrB,53.56,2022
b0780,ybhK,51.38,909
b0781,moaA,54.14,990
b0782,moaB,52.05,513
b0783,moaC,55.97,486
b0784,moaD,55.69,246
b0785,moaE,56.73,453
b0786,ybhL,48.65,705
b0787,ybhM,42.3,714
b0788,ybhN,52.35,957
b0789,clsB,54.43,1242
b0790,ybhP,55.51,762
b0791,ybhQ,54.5,411
b0792,ybhR,52.3,1107
b0793,ybhS,55.11,1134
b0794,ybhF,55.56,1737
b0795,ybhG,57.06,999
b0796,cecR,54.17,672
b0797,rhlE,56.7,1365
b0798,ybiA,50.31,483
b0799,dinG,54.07,2151
b0800,ybiB,55.66,963
b0801,hcxB,55.62,1086
b4769,ybiE,51.67,60
b0802,ybiJ,50.57,261
b0803,ybiI,52.06,267
b0804,ybiX,52.95,678
b0805,fiu,53.83,2283
b0806,mcbA,52.49,261
b0807,rlmF,54.15,927
b0808,ybiO,53.32,2226
b0809,glnQ,53.94,723
b0810,glnP,53.48,660
b0811,glnH,48.73,747
b0812,dps,49.01,504
b0813,rhtA,53.49,888
b4736,yliM,40.91,66
b0814,ompX,51.36,516
b0815,opgE,48.36,1584
b4705,mntS,41.09,129
b0817,mntR,54.06,468
b0818,ybiR,52.28,1119
b0819,ldtB,52.99,921
b0820,ybiT,52.79,1593
b0821,ybiU,55.61,1266
b0822,ybiV,46.69,816
b0823,ybiW,54.99,2433
b0824,ybiY,54.11,900
b0825,fsaA,54.15,663
b0826,moeB,55.2,750
b0827,moeA,56.39,1236
b0828,iaaA,56.52,966
b0829,gsiA,54.01,1872
b0830,gsiB,52.24,1539
b0831,gsiC,53.53,921
b0832,gsiD,53.07,912
b0833,pdeI,41.59,2349
b0834,dgcI,43.49,1329
b0835,rimO,52.64,1326
b0836,bssR,48.7,384
b0837,yliI,51.7,1116
b0838,gstB,51.99,627
b0839,dacC,51.7,1203
b0840,deoR,50.72,759
b0841,ybjG,51.59,597
b0842,mdfA,52.39,1233
b0843,ybjH,52.98,285
b0844,ybjI,45.59,816
b0845,ybjJ,54.92,1209
b0846,rcdA,51.58,537
b0847,ybjL,51.54,1686
b0848,ybjM,49.74,378
b0849,grxA,44.96,258
b0850,ybjC,50.35,288
b0851,nfsA,52.56,723
b0852,rimK,56.26,903
b0853,ybjN,48.43,477
b0854,potF,50.85,1113
b0855,potG,55.2,1134
b0856,potH,50.94,954
b0857,potI,54.73,846
b0858,ybjO,52.15,489
b0859,rlmC,54.61,1128
b0860,artJ,44.81,732
b0861,artM,52.17,669
b0862,artQ,54.95,717
b0863,artI,50.27,732
b0864,artP,52.67,729
b0865,ybjP,53.88,516
b0866,ybjQ,54.01,324
b0867,amiD,56.08,831
b0868,ybjS,54.44,1014
b0869,ybjT,55.0,1431
b0870,ltaE,56.19,1002
b0871,poxB,54.04,1719
b0872,hcr,55.42,969
b0873,hcp,54.75,1653
b0874,lysO,48.22,900
b0875,aqpZ,52.3,696
b0876,ybjD,53.1,1659
b0877,ybjX,49.95,993
b0878,macA,53.05,1116
b0879,macB,53.93,1947
b0880,cspD,48.44,225
b4770,yljB,38.67,75
b0881,clpS,45.17,321
b0882,clpA,52.61,2277
b0884,infA,48.4,219
b0885,aat,54.04,705
b0886,cydC,53.77,1722
b0887,cydD,53.65,1767
b0888,trxB,53.62,966
b0889,lrp,47.88,495
b0890,ftsK,54.01,3990
b0891,lolA,50.98,612
b0892,rarA,53.57,1344
b0893,serS,52.67,1293
b0894,dmsA,52.72,2445
b0895,dmsB,51.78,618
b0896,dmsC,54.63,864
b0897,ycaC,46.25,627
b0898,ycaD,52.05,1149
b0899,ycaM,47.17,1431
b0900,ycaN,46.64,909
b0901,ycaK,42.81,591
b0902,pflA,50.34,741
b0903,pflB,51.2,2283
b0904,focA,48.95,858
b0905,ycaO,51.56,1761
b0906,ycaP,47.62,693
b0907,serC,50.14,1089
b0908,aroA,50.78,1284
b0909,ycaL,49.93,765
b0910,cmk,53.65,684
b0911,rpsA,51.19,1674
b0912,ihfB,49.12,285
b0913,ycaI,49.49,2265
b0914,msbA,50.89,1749
b0915,lpxK,54.71,987
b0916,ycaQ,52.31,1233
b0917,ycaR,48.09,183
b0918,kdsB,52.74,747
b0919,ycbJ,52.46,894
b0920,elyC,52.18,780
b0921,cmoM,51.53,786
b0922,mukF,52.83,1323
b0923,mukE,51.63,705
b0924,mukB,55.66,4461
b0925,ldtD,53.14,1848
b0926,mepK,49.73,549
b0927,gloC,51.54,648
b0928,aspC,52.23,1191
b0929,ompF,47.75,1089
b0930,asnS,52.39,1401
b0931,pncB,51.21,1203
b0932,pepN,53.46,2613
b0933,ssuB,55.6,768
b0934,ssuC,55.81,792
b0935,ssuD,56.98,1146
b0936,ssuA,52.4,960
b0937,ssuE,54.17,576
b0938,elfA,42.41,540
b0939,elfD,45.01,702
b0940,elfC,47.87,2601
b0941,elfG,48.27,1071
b0942,ycbU,47.15,543
b0943,ycbV,47.29,516
b0944,ycbF,51.76,711
b0945,pyrD,46.98,1011
b0946,zapC,49.36,543
b0947,ycbX,50.45,1110
b0948,rlmL,54.24,2109
b0949,uup,52.41,1908
b0950,pqiA,52.23,1254
b0951,pqiB,50.21,1641
b0952,pqiC,52.13,564
b0953,rmf,54.17,168
b0954,fabA,53.18,519
b0955,ycbZ,51.79,1761
b0956,matP,46.14,453
b0957,ompA,53.79,1041
b0958,sulA,48.24,510
b0959,sxy,48.1,630
b0960,yccS,52.23,2154
b0961,yccF,48.32,447
b0962,helD,53.04,2055
b0963,mgsA,52.72,459
b0964,yccT,50.68,663
b0965,yccU,54.35,414
b0966,hspQ,55.66,318
b0967,rlmI,51.81,1191
b0968,yccX,52.33,279
b0969,tusE,46.67,330
b0970,yccA,51.21,660
b0972,hyaA,56.12,1119
b0973,hyaB,56.52,1794
b0974,hyaC,51.84,708
b0975,hyaD,58.84,588
b0976,hyaE,56.64,399
b0977,hyaF,54.9,858
b0978,appC,54.05,1545
b0979,appB,53.21,1137
b4592,appX,46.24,93
b0980,appA,53.89,1299
b0981,etk,50.53,2181
b0982,etp,52.35,447
b0983,gfcE,50.96,1140
b0984,gfcD,51.98,2097
b0985,gfcC,52.34,747
b0986,gfcB,47.6,645
b0987,gfcA,57.52,306
b4516,insA4,52.9,276
b0988,insB4,54.76,504
b0989,cspH,46.95,213
b0990,cspG,44.13,213
b4723,ymcF,46.56,189
b0991,ymcE,41.56,231
b4517,gnsA,39.66,174
b0992,yccM,49.16,1074
b0993,torS,53.77,2745
b0994,torT,53.45,1029
b0995,torR,52.38,693
b0996,torC,51.24,1173
b0997,torA,55.32,2547
b0998,torD,53.33,600
b0999,cbpM,54.25,306
b1000,cbpA,52.88,921
b1001,yccE,34.13,1257
b1002,agp,51.61,1242
b1003,yccJ,46.93,228
b1004,wrbA,53.94,597
b4518,ymdF,51.15,174
b1006,rutG,54.03,1329
b1007,rutF,58.99,495
b1008,rutE,57.19,591
b1009,rutD,57.93,801
b1010,rutC,54.01,387
b1011,rutB,55.41,693
b1012,rutA,55.09,1149
b1013,rutR,51.33,639
b1014,putA,56.98,3963
b4737,ymdG,37.04,27
b1015,putP,53.68,1509
b1018,efeO,51.33,1128
b1019,efeB,53.77,1272
b1020,phoH,52.21,1065
b1021,pgaD,44.2,414
b1022,pgaC,46.68,1326
b1023,pgaB,44.43,2019
b1024,pgaA,47.32,2424
b1025,dgcT,38.56,1359
b1026,insF4,55.13,867
b1027,insE4,50.0,300
b1029,ycdU,40.53,987
b1033,ghrA,51.22,939
b1034,ycdX,48.37,738
b1035,ycdY,53.51,555
b1036,ycdZ,53.86,492
b1037,csgG,50.12,834
b1038,csgF,42.45,417
b1039,csgE,43.08,390
b1040,csgD,41.78,651
b1041,csgB,41.89,456
b1042,csgA,51.1,456
b1043,csgC,42.64,333
b1044,ymdA,43.59,312
b1045,ymdB,51.69,534
b1046,clsC,50.7,1422
b1047,opgC,43.87,1158
b1048,opgG,49.87,1536
b1049,opgH,54.95,2544
b1050,yceK,50.44,228
b1051,msyB,50.13,375
b1053,mdtG,52.49,1227
b1054,lpxL,52.99,921
b1055,trhO,49.76,1053
b1056,yceI,47.4,576
b1057,yceJ,51.15,567
b1058,yceO,37.59,141
b1059,solA,52.46,1119
b1060,bssS,45.1,255
b1061,dinI,47.97,246
b1062,pyrC,53.1,1047
b1063,yceB,46.88,561
b1064,grxB,49.07,648
b1065,mdtH,55.33,1209
b1066,rimJ,49.4,585
b1067,yceH,51.85,648
b1068,yceM,55.3,924
b1069,murJ,53.71,1536
b1070,flgN,48.2,417
b1071,flgM,52.72,294
b1072,flgA,52.27,660
b1073,flgB,53.48,417
b1074,flgC,52.84,405
b1075,flgD,54.6,696
b1076,flgE,51.53,1209
b1077,flgF,59.13,756
b1078,flgG,53.77,783
b1079,flgH,53.51,699
b1080,flgI,54.19,1098
b1081,flgJ,54.67,942
b1082,flgK,51.82,1644
b1083,flgL,50.73,954
b1084,rne,55.65,3186
b1085,yceQ,44.55,321
b1086,rluC,51.46,960
b1087,yceF,50.09,585
b1088,yceD,49.62,522
b1089,rpmF,54.02,174
b1090,plsX,52.1,1071
b1091,fabH,54.72,954
b1092,fabD,55.16,930
b1093,fabG,51.56,735
b1094,acpP,48.1,237
b1095,fabF,53.3,1242
b1096,pabC,50.62,810
b1097,mltG,50.73,1023
b1098,tmk,54.05,642
b1099,holB,54.03,1005
b1100,ycfH,50.88,798
b1101,ptsG,52.65,1434
b1102,fhuE,50.0,2190
b1103,hinT,50.56,360
b1104,ycfL,49.47,378
b1105,lpoB,56.39,642
b1106,thiK,53.33,825
b1107,nagZ,53.02,1026
b1108,ycfP,46.59,543
b1109,ndh,52.95,1305
b1110,ycfJ,53.7,540
b1111,comR,51.18,633
b1112,bhsA,47.29,258
b1113,ldtC,53.27,963
b1114,mfd,54.77,3447
b1115,ycfT,49.53,1074
b1116,lolC,54.17,1200
b1117,lolD,55.13,702
b1118,lolE,51.89,1245
b1119,nagK,52.74,912
b1120,cobB,51.79,840
b1120,cobB,51.99,729
b1121,ycfZ,42.59,789
b1122,ymfA,43.51,462
b1123,potD,50.81,1047
b1124,potC,50.19,795
b1125,potB,50.85,828
b1126,potA,50.84,1137
b1127,pepT,49.88,1227
b1128,roxA,54.01,1122
b1129,phoQ,51.33,1461
b1130,phoP,47.77,672
b1131,purB,52.3,1371
b1132,hflD,57.17,642
b1133,mnmA,53.75,1107
b1134,nudJ,50.22,462
b1135,rluE,51.22,654
b1136,icd,50.2,1251
b1137,ymfD,34.83,666
b1138,ymfE,30.92,705
b1139,lit,36.8,894
b1140,intE,44.77,1128
b1141,xisE,44.31,246
b1142,ymfH,54.17,312
b1143,ymfI,38.6,342
b1144,ymfJ,46.93,309
b1145,ymfK,44.44,675
b1146,ymfT,42.79,201
b1147,ymfL,49.64,558
b1148,ymfM,49.85,339
b1149,ymfN,54.31,1368
b1150,ymfR,60.11,183
b1151,beeE,56.33,474
b1153,ymfQ,57.26,585
b1154,ycfK,50.32,630
b1155,tfaP,42.03,414
b1156,tfaE,47.76,603
b1158,pinE,48.83,555
b1159,mcrA,38.37,834
b1160,iraM,33.95,324
b4738,ymgK,31.11,45
b4739,ymgL,29.73,111
b1161,ycgX,36.79,405
b1162,bluR,48.77,732
b1163,bluF,43.56,1212
b1164,ycgZ,41.77,237
b1165,ymgA,37.0,273
b1166,ariR,34.83,267
b1167,ymgC,35.74,249
b1168,pdeG,44.62,1524
b4520,ymgF,40.18,219
b1171,ymgD,45.15,330
b1172,ymgG,52.17,345
b4593,ymgI,32.18,174
b4594,ymgJ,38.17,186
b1174,minE,43.45,267
b1175,minD,49.94,813
b1176,minC,51.01,696
b1177,ycgJ,42.28,369
b1178,pliG,43.03,402
b4816,ymgN,46.67,60
b1179,ycgL,43.12,327
b1180,ycgM,51.97,660
b1181,ycgN,47.62,462
b1182,hlyE,41.12,912
b1183,umuD,48.1,420
b1184,umuC,50.99,1269
b1185,dsbB,52.73,531
b1186,nhaB,52.85,1542
b1187,fadR,51.25,720
b1188,ycgB,49.84,1533
b1189,dadA,56.27,1299
b1190,dadX,57.98,1071
b4740,ymgM,50.98,204
b1191,cvrA,52.33,1737
b1192,ldcA,53.01,915
b1193,emtA,51.96,612
b1194,ycgR,50.75,735
b1195,ymgE,53.33,255
b1196,ycgY,41.5,441
b1197,treA,52.3,1698
b1198,dhaM,50.18,1419
b1199,dhaL,53.55,633
b1200,dhaK,53.03,1071
b1201,dhaR,51.46,1920
b1202,ycgV,49.79,2868
b1203,ychF,51.01,1092
b1204,pth,49.74,585
b1205,ychH,53.05,279
b1206,dauA,54.64,1680
b1207,prs,52.53,948
b1208,ispE,53.4,852
b1209,lolB,51.44,624
b1210,hemA,54.34,1257
b1211,prfA,53.0,1083
b1212,prmC,55.16,834
b1213,ychQ,47.58,393
b1214,ychA,46.42,810
b1215,kdsA,51.58,855
b4419,ldrA,55.56,108
b4421,ldrB,58.33,108
b4423,ldrC,55.56,108
b1216,chaA,48.77,1101
b1217,chaB,45.45,231
b1218,chaC,54.74,696
b1219,ychN,51.69,354
b1220,ychO,50.54,1395
b1221,narL,51.77,651
b1222,narX,53.37,1797
b1223,narK,53.66,1392
b1224,narG,54.94,3744
b1225,narH,53.74,1539
b1226,narJ,56.4,711
b1227,narI,55.9,678
b1228,ychS,59.42,276
b1229,tpr,64.44,90
b1232,purU,47.21,843
b1233,ychJ,46.41,459
b1234,rssA,50.22,906
b1235,rssB,48.62,1014
b1236,galU,46.97,909
b1237,hns,46.62,414
b1238,tdk,42.23,618
b1241,adhE,50.64,2676
b4771,ychT,40.74,54
b1242,ychE,47.84,648
b4711,insH21,55.05,981
b1243,oppA,47.73,1632
b1244,oppB,45.71,921
b1245,oppC,52.37,909
b1246,oppD,51.78,1014
b1247,oppF,51.54,1005
b1248,yciU,47.27,330
b1249,clsA,51.68,1461
b4595,yciY,50.57,174
b1250,kch,42.34,1254
b1251,yciI,48.82,297
b1252,tonB,54.44,720
b1253,yciA,48.37,399
b1254,yciB,46.48,540
b1255,yciC,49.33,744
b1256,ompW,50.08,639
b1257,yciE,40.63,507
b1258,yciF,43.11,501
b1259,yciG,51.11,180
b1260,trpA,53.53,807
b1261,trpB,54.69,1194
b1262,trpC,52.79,1362
b1263,trpD,56.39,1596
b1264,trpE,54.38,1563
b1265,trpL,44.44,45
b1266,rnm,54.08,882
b1267,yciO,48.15,621
b1268,yciQ,46.99,1896
b1269,rluB,53.77,876
b1270,btuR,50.25,591
b1271,yciK,52.44,759
b1272,sohB,50.57,1050
b1273,yciN,47.22,252
b1274,topA,51.77,2598
b1275,cysB,48.31,975
b4522,ymiA,48.94,141
b4523,yciX,45.83,168
b4741,ymiC,45.83,96
b1276,acnA,52.91,2676
b1277,ribA,50.08,591
b1278,pgpB,50.59,765
b1279,lapA,50.16,309
b1280,lapB,51.88,1170
b1281,pyrF,52.98,738
b1282,yciH,49.85,327
b1283,osmB,52.05,219
b1284,yciT,48.8,750
b4596,yciZ,47.7,174
b4772,ymiD,36.43,129
b1285,pdeR,48.49,1986
b4672,ymiB,30.48,105
b1286,rnb,53.23,1935
b1287,yciW,50.8,1128
b1288,fabI,53.23,789
b1289,ycjD,49.72,354
b1290,sapF,51.18,807
b1291,sapD,51.36,993
b1292,sapC,56.9,891
b1293,sapB,51.45,966
b1294,sapA,54.26,1644
b1295,ymjA,48.37,246
b1296,puuP,53.32,1386
b4742,ymjE,53.94,165
b1297,puuA,53.49,1419
b1298,puuD,52.29,765
b1299,puuR,50.9,558
b1300,puuC,57.33,1488
b1301,puuB,58.24,1281
b1302,puuE,57.66,1266
b1303,pspF,51.74,978
b1304,pspA,49.33,669
b1305,pspB,47.56,225
b1306,pspC,50.28,360
b1307,pspD,54.5,222
b1308,pspE,50.79,315
b1309,ycjM,43.87,1680
b1310,ycjN,50.04,1293
b1311,ycjO,53.63,882
b1312,ycjP,52.79,843
b1313,ycjQ,55.75,1053
b1314,ycjR,53.61,789
b1315,ycjS,54.73,1056
b1316,ycjT,53.75,2268
b1317,ycjU,56.52,660
b1319,ompG,49.89,906
b1320,ycjW,45.45,999
b1321,ycjX,54.43,1398
b1322,ycjF,56.31,1062
b1323,tyrR,52.14,1542
b1324,tpx,51.28,507
b1325,ycjG,54.66,966
b1326,mpaA,54.87,729
b4525,ymjC,39.89,183
b4673,ymjD,36.36,66
b1327,ycjY,47.99,921
b1328,pgrR,46.56,900
b1329,mppA,47.96,1614
b1330,ynaI,43.22,1032
b1331,insH4,55.05,981
b1332,ynaJ,45.35,258
b1333,uspE,50.58,951
b1334,fnr,51.66,753
b1335,ogt,53.1,516
b1336,abgT,49.25,1527
b1337,abgB,52.56,1446
b1338,abgA,55.23,1311
b1339,abgR,49.61,909
b1340,smrA,54.26,564
b1341,dgcM,47.69,1233
b4773,ynaN,43.75,48
b1342,zntB,51.93,984
b4743,ynaL,53.45,174
b1343,dbpA,51.97,1374
b1344,ttcA,48.61,936
b1345,intR,42.96,1236
b1346,xisR,44.91,216
b1347,rcbA,34.76,210
b1348,ralR,40.51,195
b1349,recT,47.16,810
b1350,recE,49.4,2601
b1351,racC,39.13,276
b4526,ydaE,36.84,171
b1352,kilR,41.89,222
b1353,sieB,37.22,489
b4527,ydaF,49.36,156
b1355,ydaG,47.41,135
b1356,racR,41.93,477
b1357,ydaS,43.43,297
b1358,ydaT,50.83,423
b1359,ydaU,47.9,858
b1360,ydaV,52.74,747
b1361,ydaW,48.84,561
b4528,rzoR,56.99,186
b1363,trkG,38.07,1458
b1365,ynaK,48.11,264
b1366,ydaY,47.22,360
b1368,ynaA,46.84,1029
b4570,lomR,56.64,399
b1370,insH5,55.45,981
b1372,stfR,53.35,3363
b1373,tfaR,48.09,576
b1374,pinR,44.67,591
b1375,ynaE,35.9,234
b4744,ynaM,34.21,114
b1376,uspF,48.51,435
b1377,ompN,46.65,1134
b1378,ydbK,53.25,3525
b4529,ydbJ,54.68,267
b1379,hslJ,46.81,423
b1380,ldhA,50.1,990
b1381,ydbH,52.12,2640
b1382,ynbE,43.01,186
b1383,ydbL,44.95,327
b1384,feaR,48.57,906
b1385,feaB,53.4,1500
b1386,tynA,50.62,2274
b1387,paaZ,54.2,2046
b1388,paaA,52.15,930
b1389,paaB,49.65,288
b1390,paaC,53.01,747
b1391,paaD,55.82,498
b1392,paaE,53.31,1071
b1393,paaF,54.56,768
b1394,paaG,54.5,789
b1395,paaH,53.22,1428
b1396,paaI,51.54,423
b1397,paaJ,55.97,1206
b1398,paaK,51.83,1314
b1399,paaX,50.37,951
b1400,paaY,50.59,591
b4674,ynbG,13.64,66
b4492,ydbA,49.58,6063
b1402,insD2,55.08,906
b1403,insC2,53.01,366
b1404,insI2,45.83,1152
b1406,pdxI,53.08,861
b1407,ydbD,43.48,2307
b1408,ynbA,46.53,606
b1409,ynbB,43.59,897
b1410,ynbC,50.91,1758
b1411,ynbD,50.58,1293
b1412,azoR,51.98,606
b1413,hrpA,53.45,3903
b1414,ydcF,51.19,801
b1415,aldA,50.97,1440
b1418,cybB,47.65,531
b1419,ydcA,44.25,174
b4774,yncP,56.52,69
b4428,hokB,53.33,150
b1420,mokB,51.19,168
b1421,trg,51.25,1641
b1422,ydcI,50.54,924
b1423,ydcJ,52.68,1344
b1424,opgD,50.79,1656
b1426,ydcH,41.33,225
b1427,rimL,43.33,540
b1428,ydcK,48.42,981
b1429,tehA,53.17,993
b1430,tehB,45.96,594
b1431,ydcL,44.69,669
b1432,insQ,51.45,1209
b1433,ydcO,52.98,1176
b1434,sutR,49.35,537
b1435,rlhA,51.07,1962
b1436,yncJ,48.92,231
b4532,hicA,49.15,177
b1438,hicB,45.56,417
b1439,ydcR,51.39,1407
b1440,ydcS,52.79,1146
b1441,ydcT,54.44,1014
b1442,ydcU,52.97,942
b1443,ydcV,53.96,795
b1444,patD,53.19,1425
b4598,yncL,33.33,96
b1445,ortT,44.83,174
b1446,ydcY,54.27,234
b1447,ydcZ,51.78,450
b1448,mnaT,53.18,519
b1449,curA,52.31,1038
b1450,mcbR,43.69,666
b1451,yncD,51.07,2103
b1452,yncE,50.66,1062
b1453,ansP,52.0,1500
b1454,yncG,47.41,618
b1455,yncH,31.46,213
b1457,ydcD,27.33,483
b4745,yncO,31.72,186
b1460,ydcC,41.78,1137
b1461,pptA,43.16,234
b1462,yddH,51.23,570
b1463,nhoA,51.42,846
b1464,yddE,52.01,894
b1465,narV,52.72,681
b1466,narW,56.32,696
b1467,narY,54.3,1545
b1468,narZ,55.04,3741
b1469,narU,48.96,1389
b1471,yddK,32.18,957
b1472,yddL,41.92,291
b1473,yddG,49.66,882
b1474,fdnG,54.17,3048
b1475,fdnH,55.03,885
b1476,fdnI,49.69,654
b1477,yddM,51.23,285
b1478,adhP,52.42,1011
b1479,maeA,52.0,1698
b1480,sra,44.2,138
b1481,bdm,45.37,216
b1482,osmC,50.0,432
b1483,ddpF,54.58,927
b1484,ddpD,54.1,987
b1485,ddpC,53.07,897
b1486,ddpB,54.94,1023
b1487,ddpA,50.35,1551
b1488,ddpX,52.92,582
b1489,dosP,50.21,2400
b1490,dosC,44.4,1383
b4746,yddY,45.24,42
b1491,digH,52.35,1320
b1492,gadC,48.11,1536
b1493,gadB,53.32,1401
b1494,pqqL,46.64,2796
b1495,yddB,45.98,2373
b1496,yddA,43.65,1686
b4747,yneP,38.21,123
b1497,ydeM,38.69,1158
b1498,ydeN,44.09,1683
b1499,ydeO,39.5,762
b1500,safA,37.37,198
b1501,ydeP,50.31,2280
b1502,ydeQ,44.7,915
b1503,ydeR,44.84,504
b1504,ydeS,44.82,531
b1505,ydeT,44.56,1149
b1507,hipA,48.07,1323
b1508,hipB,44.57,267
b1511,lsrK,52.23,1593
b1512,lsrR,50.73,954
b1513,lsrA,53.32,1536
b1514,lsrC,53.74,1029
b1515,lsrD,53.27,993
b1516,lsrB,49.66,1023
b1517,lsrF,49.66,876
b1518,lsrG,46.39,291
b1519,tam,53.89,759
b1520,yneE,47.98,915
b1521,uxaB,52.0,1452
b1522,dgcF,50.42,948
b1523,yneG,52.78,360
b1524,glsB,52.0,927
b1525,sad,53.06,1389
b1526,yneJ,53.51,882
b1527,yneK,39.78,1116
b1528,ydeA,51.3,1191
b1529,marC,51.05,666
b1530,marR,49.43,435
b1531,marA,45.83,384
b1532,marB,50.23,219
b1533,eamA,49.78,900
b1534,ydeE,49.83,1188
b4599,mgtS,38.54,96
b4775,mgtT,49.52,105
b1535,dgcZ,44.89,891
b1536,ydeI,47.58,393
b1537,ydeJ,49.33,519
b1538,dcp,49.95,2046
b1539,ydfG,50.6,747
b1540,rspR,50.07,687
b1541,ydfZ,51.96,204
b1542,ydfI,49.49,1461
b1543,ydfJ,46.96,1284
b4748,ynfT,34.21,114
b1544,ydfK,35.47,234
b1545,pinQ,44.84,591
b1546,tfaQ,48.26,576
b1547,stfQ,52.65,963
b1548,nohA,53.68,570
b4533,ynfO,44.44,234
b1549,ydfO,31.63,411
b1550,gnsB,29.89,174
b1551,ynfN,43.59,156
b4749,ynfR,43.94,66
b4724,ynfQ,33.86,189
b1552,cspI,40.38,213
b1553,rzpQ,45.78,498
b4689,rzoQ,49.41,255
b1554,rrrQ,50.56,534
b1555,ydfR,43.59,312
b1556,essQ,46.3,216
b4776,ynfU,40.35,171
b1557,cspB,35.19,216
b1558,cspF,48.36,213
b4750,ynfS,37.78,90
b1559,ydfT,47.94,753
b1560,ydfU,52.19,1050
b1561,rem,40.48,252
b1562,hokD,51.92,156
b1563,relE,46.88,288
b1564,relB,47.08,240
b1565,ydfV,46.08,306
b1566,flxA,42.94,333
b1567,ydfW,43.33,150
b1568,ydfX,50.52,291
b1569,dicC,46.75,231
b1570,dicA,43.63,408
b1571,ydfA,48.08,156
b1572,ydfB,46.51,129
b1573,ydfC,47.95,219
b1575,dicB,35.98,189
b1576,ydfD,43.23,192
b4534,ynfP,42.34,111
b1580,rspB,44.9,1020
b1581,rspA,50.7,1215
b1582,ynfA,51.68,327
b1583,ynfB,51.17,342
b1584,speG,46.88,561
b1585,ynfC,43.74,711
b1586,ynfD,56.21,306
b1587,ynfE,50.76,2427
b1588,ynfF,51.2,2424
b1589,ynfG,52.91,618
b1590,ynfH,52.63,855
b1591,dmsD,53.33,615
b1592,clcB,54.26,1257
b1593,bidA,52.16,696
b1594,mlc,52.25,1221
b1595,ynfL,52.68,894
b1596,ynfM,52.95,1254
b1597,asr,51.13,309
b4601,ydgU,42.86,84
b1598,ydgD,52.07,822
b1599,mdtI,51.52,330
b1600,mdtJ,42.35,366
b4777,mdtU,46.08,102
b1601,tqsA,50.24,1035
b1602,pntB,52.63,1389
b1603,pntA,52.45,1533
b1604,ydgH,51.11,945
b1605,ydgI,53.51,1383
b1606,folM,50.9,723
b1607,ydgC,47.32,336
b1608,rstA,49.31,720
b1609,rstB,50.69,1302
b1610,tus,50.75,930
b1611,fumC,53.77,1404
b1612,fumA,51.55,1647
b1613,manA,50.77,1176
b1614,ydgA,49.04,1509
b1615,uidC,47.16,1266
b1616,uidB,51.82,1374
b1617,uidA,52.26,1812
b1618,uidR,50.93,591
b1619,hdhA,47.27,768
b1620,malI,53.94,1029
b1621,malX,52.73,1593
b1622,malY,50.98,1173
b1623,add,53.89,1002
b1624,ydgJ,53.31,1041
b4409,blr,42.86,126
b1625,cnu,47.22,216
b1626,ydgK,48.75,441
b1627,rsxA,51.55,582
b1628,rsxB,54.58,579
b1629,rsxC,55.38,2223
b1630,rsxD,52.6,1059
b1631,rsxG,53.14,621
b1632,rsxE,52.73,696
b1633,nth,49.21,636
b1634,dtpA,51.63,1503
b1635,gstA,50.5,606
b1636,pdxY,53.01,864
b1637,tyrS,51.53,1275
b1638,pdxH,51.9,657
b1639,mliC,45.76,330
b1640,anmK,54.59,1110
b1641,slyB,51.28,468
b1642,slyA,48.28,435
b1643,ydhI,48.95,237
b1644,ydhJ,50.23,858
b1645,ydhK,52.76,2013
b1646,sodC,52.87,522
b1647,ydhF,52.4,897
b1648,ydhL,51.67,240
b1649,nemR,52.33,600
b1650,nemA,53.46,1098
b1651,gloA,51.47,408
b1652,rnt,54.17,648
b1653,lhr,56.9,4617
b1654,grxD,52.59,348
b1655,mepH,47.79,816
b1656,sodB,50.17,582
b1657,ydhP,53.33,1170
b4602,cydH,50.0,90
b1658,purR,53.8,1026
b1659,punR,53.7,933
b1660,punC,53.38,1212
b1661,cfa,47.95,1149
b1662,ribC,47.51,642
b1663,mdtK,52.98,1374
b1664,ydhQ,51.39,1257
b1667,ydhR,44.77,306
b1668,ydhS,47.85,1605
b1669,ydhT,52.89,813
b1670,ydhU,49.24,786
b1671,ydhX,50.37,669
b1672,ydhW,52.31,648
b1673,ydhV,47.98,2103
b1674,ydhY,49.44,627
b1675,fumD,46.67,210
b4817,ynhH,48.72,195
b1676,pykF,49.89,1413
b1677,lpp,50.63,237
b1678,ldtE,51.84,1005
b1679,sufE,48.68,417
b1680,sufS,54.87,1221
b1681,sufD,53.3,1272
b1682,sufC,50.47,747
b1683,sufB,51.55,1488
b1684,sufA,53.39,369
b1685,ydiH,44.44,189
b1686,menI,51.58,411
b1687,ydiJ,53.81,3057
b1688,ydiK,54.9,1113
b1689,ydiL,45.66,357
b1690,ydiM,44.94,1215
b1691,ydiN,45.34,1266
b1692,ydiB,47.75,867
b1693,aroD,50.46,759
b1694,ydiF,47.49,1596
b1695,ydiO,51.91,1152
b1696,ydiP,42.0,912
b1697,ydiQ,51.37,765
b1698,ydiR,53.57,939
b1699,ydiS,54.65,1290
b1700,ydiT,47.96,294
b1701,fadK,49.85,1701
b1702,ppsA,54.64,2379
b1703,ppsR,51.32,834
b1704,aroH,53.1,1047
b1705,ydiE,50.52,192
b1706,selO,52.82,1437
b1707,rflP,42.3,714
b1708,nlpC,49.68,465
b1709,btuD,55.2,750
b1710,btuE,49.46,552
b1711,btuC,55.45,981
b1712,ihfA,50.0,300
b1713,pheT,54.36,2388
b1714,pheS,53.86,984
b1715,pheM,35.56,45
b1716,rplT,48.18,357
b1717,rpmI,50.0,198
b1718,infC,48.62,543
b1719,thrS,49.56,1929
b4535,yniD,48.15,108
b1722,ydiY,49.41,759
b1723,pfkB,54.09,930
b1724,ydiZ,43.3,291
b1725,yniA,51.92,861
b1726,yniB,43.95,537
b1727,hxpB,51.72,669
b1728,ydjM,51.27,591
b1729,tcyP,52.44,1392
b1730,ydjO,35.07,804
b1731,cedA,52.26,243
b1732,katE,52.08,2262
b1733,chbG,51.47,750
b1734,chbF,46.78,1353
b1735,chbR,41.52,843
b1736,chbA,49.86,351
b1737,chbC,49.23,1359
b1738,chbB,43.93,321
b1739,osmE,49.56,339
b1740,nadE,49.52,828
b1741,cho,51.58,888
b1742,ves,51.91,576
b1743,spy,50.82,486
b1744,astE,53.35,969
b1745,astB,55.58,1344
b1746,astD,58.08,1479
b1747,astA,56.04,1035
b1748,astC,55.04,1221
b1749,xthA,53.41,807
b1750,ydjX,48.1,711
b1751,ydjY,48.38,678
b1752,ydjZ,51.55,708
b1753,ynjA,56.28,549
b1754,ynjB,56.38,1167
b1755,ynjC,56.77,1536
b1756,ynjD,51.07,654
b1757,ynjE,53.52,1308
b1758,ynjF,53.46,621
b1759,nudG,54.9,408
b1760,ynjH,50.55,273
b1761,gdhA,53.27,1344
b1762,ynjI,41.31,1041
b1763,topB,55.15,1962
b1764,selD,54.98,1044
b1765,ydjA,55.98,552
b1766,sppA,51.75,1857
b1767,ansA,51.13,1017
b1768,pncA,53.12,642
b1769,ydjE,45.11,1359
b1770,ydjF,42.29,759
b1771,ydjG,47.81,981
b1772,ydjH,45.36,948
b1773,ydjI,45.4,837
b1774,ydjJ,46.74,1044
b1775,ydjK,49.2,1380
b1776,ydjL,49.77,1077
b1777,yeaC,45.05,273
b1778,msrB,48.55,414
b1779,gapA,50.0,996
b1780,yeaD,49.83,885
b1781,yeaE,50.53,855
b1782,mipA,52.21,747
b1783,yeaG,50.13,1935
b1784,yeaH,49.14,1284
b1785,cdgI,38.48,1476
b1786,dgcJ,46.01,1491
b1787,yeaK,51.39,504
b1788,yoaI,42.86,105
b1789,yeaL,54.81,447
b1790,nimR,49.88,822
b1791,nimT,52.71,1182
b1792,yeaO,52.59,348
b1793,yoaF,52.55,255
b1794,dgcP,48.05,1026
b4676,yoaK,42.42,99
b4675,yoaJ,42.67,75
b1795,yeaQ,46.18,249
b1796,yoaG,45.9,183
b1797,yeaR,48.33,360
b1798,leuE,45.23,639
b1799,dmlR,52.38,924
b1800,dmlA,53.68,1086
b1801,yeaV,51.24,1446
b1802,yeaW,51.73,1125
b1803,yeaX,50.1,966
b1804,rnd,54.08,1128
b1805,fadD,51.19,1686
b1806,yeaY,53.61,582
b1807,tsaB,55.6,696
b1808,yoaA,55.21,1911
b1809,yoaB,51.59,345
b1810,yoaC,44.67,300
b1811,yoaH,56.11,180
b1812,pabB,50.95,1362
b1813,nudL,54.92,579
b1814,sdaA,53.99,1365
b1815,pdeD,50.53,1599
b1816,yoaE,53.89,1557
b4751,yoaL,46.54,159
b1817,manX,50.31,972
b1818,manY,51.56,801
b1819,manZ,52.7,852
b1820,yobD,45.1,459
b1821,mntP,51.68,567
b1822,rlmA,51.36,810
b1823,cspC,46.67,210
b1824,yobF,42.36,144
b1825,yebO,43.4,288
b1826,mgrB,46.53,144
b4536,yobH,43.75,240
b1827,kdgR,49.75,792
b1828,yebQ,52.33,1374
b1829,htpX,53.51,882
b1830,prc,50.37,2049
b1831,proQ,52.93,699
b1832,msrC,49.2,498
b1833,letA,50.08,1284
b1834,letB,53.64,2634
b1835,rsmF,51.81,1440
b1836,yebV,48.52,237
b1837,yebW,45.83,192
b1838,pphA,47.79,657
b1839,yebY,45.91,342
b1840,yebZ,53.15,873
b1841,yobA,49.87,375
b1842,holE,48.48,231
b1843,yobB,52.05,657
b1844,exoX,51.89,663
b1845,ptrB,49.83,2061
b1846,yebE,52.73,660
b1847,yebF,49.3,357
b1848,yebG,49.48,291
b1849,purT,53.77,1179
b1850,eda,56.23,642
b1851,edd,53.64,1812
b1852,zwf,51.69,1476
b1853,yebK,48.97,870
b1854,pykA,52.81,1443
b1855,lpxM,51.54,972
b1856,mepM,52.46,1323
b1857,znuA,49.09,933
b1858,znuC,49.21,756
b1859,znuB,51.91,786
b1860,ruvB,52.72,1011
b1861,ruvA,53.27,612
b4677,yobI,19.7,66
b1862,yebB,44.11,603
b1863,ruvC,55.94,522
b1864,yebC,52.23,741
b1865,nudB,52.54,453
b1866,aspS,53.75,1773
b1867,yecD,53.09,567
b1868,yecE,51.04,819
b1869,yecN,50.76,396
b1870,cmoA,50.67,744
b1871,cmoB,52.06,972
b1872,torZ,51.32,2430
b1873,torY,47.41,1101
b1874,cutC,51.94,747
b1875,yecM,50.79,567
b1876,argS,53.29,1734
b4778,yecV,31.11,45
b1877,yecT,38.85,489
b1878,flhE,52.67,393
b1879,flhA,54.88,2079
b1880,flhB,54.92,1149
b1881,cheZ,53.49,645
b1882,cheY,49.23,390
b1883,cheB,54.29,1050
b1884,cheR,54.24,861
b1885,tap,53.56,1602
b1886,tar,52.77,1662
b1887,cheW,51.98,504
b1888,cheA,53.13,1965
b1888,cheA,54.0,1674
b1889,motB,53.18,927
b1890,motA,51.35,888
b1891,flhC,49.05,579
b1892,flhD,46.44,351
b1893,insB5,54.56,504
b1894,insA5,52.9,276
b1895,uspC,44.99,429
b1896,otsA,49.19,1425
b1897,otsB,50.56,801
b4460,araH,51.17,987
b1900,araG,52.28,1515
b1901,araF,51.82,990
b1902,ftnB,47.82,504
b4537,yecJ,48.41,252
b4663,azuC,39.08,87
b1904,yecR,50.31,324
b1905,ftnA,42.77,498
b1906,yecH,47.08,240
b1907,tyrP,51.24,1212
b1908,yecA,53.0,666
b1912,pgsA,52.46,549
b1913,uvrC,51.72,1833
b1914,uvrY,49.77,657
b4752,yecU,34.46,177
b1915,yecF,48.0,225
b1916,sdiA,46.75,723
b1917,tcyN,54.32,753
b1918,tcyL,52.77,669
b1919,dcyD,54.0,987
b1920,tcyJ,49.81,801
b1921,fliZ,46.56,552
b1922,fliA,54.17,720
b1923,fliC,47.49,1497
b1924,fliD,52.24,1407
b1925,fliS,49.88,411
b1926,fliT,51.64,366
b1927,amyA,49.8,1488
b1928,yedD,57.0,414
b1929,yedE,54.89,1206
b1930,yedF,48.29,234
b1931,yedK,51.87,669
b1932,yedL,47.08,480
b1937,fliE,53.97,315
b1938,fliF,54.61,1659
b1939,fliG,55.62,996
b1940,fliH,57.06,687
b1941,fliI,58.59,1374
b1942,fliJ,51.58,444
b1943,fliK,54.88,1128
b1944,fliL,53.33,465
b1945,fliM,53.33,1005
b1946,fliN,55.07,414
b1947,fliO,54.64,366
b1948,fliP,53.12,738
b1949,fliQ,50.37,270
b1950,fliR,47.46,786
b1951,rcsA,38.14,624
b1952,dsrB,51.32,189
b1953,yodD,48.68,228
b1955,yedP,52.08,816
b1956,dgcQ,51.39,1695
b1957,yodC,53.01,183
b1958,yedI,53.05,918
b1959,yedA,53.64,921
b1960,vsr,56.05,471
b1961,dcm,52.15,1419
b1962,yedJ,54.45,696
b1963,drpB,53.8,303
b1967,hchA,48.59,852
b1968,hprS,39.66,1359
b1969,hprR,44.79,672
b1970,hiuH,41.79,414
b1971,msrP,52.14,1005
b1972,msrQ,47.96,636
b1973,zinT,38.25,651
b1974,yodB,42.18,531
b1976,mtfA,45.86,798
b1978,yeeJ,49.99,7077
b1981,shiA,50.42,1317
b1982,amn,50.24,1455
b1983,yeeN,39.89,717
b1985,yeeO,48.3,1644
b1987,cbl,48.26,951
b1988,nac,48.15,918
b1990,ldtA,49.62,933
b1991,cobT,51.3,1080
b1992,cobS,53.49,744
b1993,cobU,50.55,546
b1994,insH6,54.94,981
b4582,yoeA,45.63,504
b1996,insD3,55.08,906
b1997,insC3,53.01,366
b2000,flu,58.24,3120
b2001,yeeR,50.29,1533
b2002,yeeS,58.17,447
b2003,yeeT,52.7,222
b2004,cbeA,57.18,369
b2005,cbtA,53.07,375
b2006,yeeW,49.23,195
b4538,yoeF,48.46,357
b2007,tmaR,47.88,330
b4818,yoeJ,39.22,51
b2008,yeeA,50.8,1059
b2009,sbmC,47.26,474
b2010,dacD,49.27,1167
b2011,sbcB,50.07,1428
b2012,tsuB,50.44,228
b2013,tsuA,50.42,1059
b2014,plaP,52.69,1359
b4678,yoeI,44.44,63
b2015,yeeY,50.43,930
b2016,yeeZ,51.88,825
b4539,yoeB,44.31,255
b2017,yefM,48.41,252
b2018,hisL,43.14,51
b2019,hisG,54.11,900
b2020,hisD,58.08,1305
b2021,hisC,55.37,1071
b2022,hisB,53.37,1068
b2023,hisH,56.68,591
b2024,hisA,57.18,738
b2025,hisF,51.87,777
b2026,hisI,54.58,612
b2027,wzzB,45.87,981
b2028,ugd,43.79,1167
b2029,gnd,50.18,1407
b4571,wbbL,35.35,795
b2030,insH7,55.05,981
b2032,wbbK,31.9,1119
b2033,wbbJ,40.61,591
b2034,wbbI,35.95,993
b2035,wbbH,32.31,1167
b2036,glf,35.6,1104
b2037,rfbX,35.42,1248
b2038,rfbC,38.71,558
b2039,rfbA,42.74,882
b2040,rfbD,46.56,900
b2041,rfbB,43.65,1086
b2042,galF,51.68,894
b2043,wcaM,47.1,1395
b2044,wcaL,54.87,1221
b2045,wcaK,54.33,1281
b2046,wzxC,54.09,1479
b2047,wcaJ,54.62,1395
b2048,cpsG,55.07,1371
b2049,cpsB,55.18,1437
b2050,wcaI,55.56,1224
b2051,gmm,54.58,480
b2052,fcl,56.42,966
b2053,gmd,54.81,1122
b2054,wcaF,47.91,549
b2055,wcaE,45.52,747
b2056,wcaD,42.04,1218
b2057,wcaC,53.61,1218
b2058,wcaB,53.99,489
b2059,wcaA,51.55,840
b2060,wzc,52.66,2163
b2061,wzb,54.5,444
b2062,wza,53.77,1140
b2063,yegH,53.16,1584
b2064,asmA,52.54,1854
b2065,dcd,60.31,582
b2066,udk,48.75,642
b2067,dgcE,52.35,3318
b2068,alkA,55.59,849
b2069,yegD,56.1,1353
b2070,yegI,50.85,1947
b2071,yegJ,41.13,462
b2072,pphC,52.23,762
b2073,yegL,51.06,660
b4667,ibsA,40.0,60
b4668,ibsB,43.86,57
b2074,mdtA,55.29,1248
b2075,mdtB,56.61,3123
b2076,mdtC,56.27,3078
b2077,mdtD,55.51,1416
b2078,baeS,53.7,1404
b2079,baeR,54.08,723
b2080,yegP,48.05,333
b2081,trhP,54.11,1362
b2082,ogrK,50.68,219
b2085,yegR,36.48,318
b2086,yegS,49.67,900
b4498,gatR,46.38,774
b2088,insE5,50.0,300
b2089,insF5,55.13,867
b2091,gatD,48.8,1041
b2093,gatB,41.75,285
b2094,gatA,42.6,453
b2095,gatZ,48.93,1263
b2096,gatY,53.1,855
b2097,fbaB,51.19,1053
b2098,yegT,50.23,1278
b2099,yegU,55.62,1005
b2100,yegV,56.94,966
b2101,yegW,51.41,747
b2102,yegX,47.99,819
b2103,thiD,55.43,801
b2104,thiM,54.12,789
b2105,rcnR,48.35,273
b2106,rcnA,51.52,825
b2107,rcnB,49.85,339
b2108,yehA,38.74,1035
b2109,yehB,45.51,2481
b2110,yehC,39.31,720
b2111,yehD,40.52,543
b2112,yehE,43.97,282
b2113,mrp,53.96,1110
b2114,metG,53.05,2034
b2115,yehF,45.82,825
b2118,yehI,50.78,3633
b4541,yehK,38.68,318
b2119,yehL,54.36,1089
b2120,yehM,55.7,2280
b2121,yehP,54.35,1137
b2122,yehQ,54.85,1845
b2123,yehR,42.42,462
b2124,yehS,49.04,471
b2125,btsR,49.31,720
b2126,btsS,50.59,1686
b2127,mlrA,52.87,732
b4542,yohO,49.07,108
b2128,yehW,57.51,732
b2129,yehX,55.12,927
b2130,yehY,57.43,1158
b2131,osmF,54.03,918
b2132,bglX,54.22,2298
b2133,dld,52.21,1716
b2134,pbpG,50.7,933
b2135,yohC,53.57,588
b2136,yohD,54.4,579
b2137,yohF,55.12,762
b4679,yohP,34.52,84
b2140,dusC,54.22,948
b2141,yohJ,49.37,399
b2142,yohK,53.45,696
b2143,cdd,54.69,885
b2144,sanA,47.78,720
b2145,yeiS,42.92,240
b2146,preT,51.49,1239
b2147,preA,51.05,1236
b2148,mglC,50.25,1011
b2149,mglA,45.36,1521
b2150,mglB,51.05,999
b2151,galS,52.45,1041
b2152,yeiB,54.4,1158
b2153,folE,51.27,669
b2154,yeiG,54.48,837
b2155,cirA,52.76,1992
b2156,lysP,53.47,1470
b2157,yeiE,53.74,882
b2158,yeiH,53.05,1050
b2159,nfo,52.45,858
b2160,yeiI,51.79,1089
b2161,nupX,50.44,1251
b2162,rihB,52.02,942
b2163,yeiL,45.0,660
b2164,psuT,51.08,1251
b2165,psuG,49.73,939
b2166,psuK,47.03,942
b2167,fruA,55.73,1692
b2168,fruK,53.46,939
b2169,fruB,55.53,1131
b2170,setB,53.05,1182
b4502,yeiW,55.69,255
b2171,yeiP,49.91,573
b2172,yeiQ,52.01,1467
b2173,yeiR,54.51,987
b2174,lpxT,44.12,714
b2175,mepS,46.74,567
b2176,pdeN,50.55,1557
b2177,yejA,51.18,1815
b2178,yejB,51.23,1095
b2179,yejE,52.73,1026
b2180,yejF,51.38,1590
b2181,yejG,48.7,345
b2182,bcr,53.32,1191
b2183,rsuA,52.87,696
b2184,radD,53.15,1761
b2185,rplY,50.53,285
b2186,yejK,52.28,1008
b2187,yejL,50.44,228
b2188,lapC,52.07,1761
b2190,yejO,48.19,2592
b2192,insH8,55.05,981
b2193,narP,52.47,648
b2194,ccmH,54.04,1053
b2195,ccmG,54.48,558
b2196,ccmF,57.1,1944
b2197,ccmE,53.54,480
b2198,ccmD,57.14,210
b2199,ccmC,55.28,738
b2200,ccmB,55.96,663
b2201,ccmA,55.93,624
b2202,napC,51.58,603
b2203,napB,55.56,450
b2204,napH,55.9,864
b2205,napG,59.05,696
b2206,napA,56.13,2487
b2207,napD,54.55,264
b2208,napF,55.35,495
b4604,yojO,40.0,165
b2209,eco,49.49,489
b2210,mqo,54.04,1647
b2211,yojI,53.41,1644
b2212,alkB,52.69,651
b2213,ada,56.9,1065
b2214,ftp,53.41,1056
b2215,ompC,50.63,1104
b2216,rcsD,49.38,2673
b2217,rcsB,47.77,651
b2218,rcsC,50.91,2850
b2219,atoS,48.55,1827
b2220,atoC,48.99,1386
b2221,atoD,53.85,663
b2222,atoA,53.61,651
b2223,atoE,53.06,1323
b2224,atoB,53.0,1185
b2225,yfaP,52.51,777
b2226,yfaQ,54.61,1650
b2229,yfaT,51.44,624
b2230,yfaA,51.15,1689
b2231,gyrA,54.0,2628
b2232,ubiG,54.22,723
b2233,yfaL,51.37,3753
b4605,ypaB,42.36,144
b2234,nrdA,53.67,2286
b4779,yoaM,44.44,36
b2235,nrdB,50.57,1131
b2236,yfaE,56.08,255
b2237,inaA,49.46,651
b2239,glpQ,45.59,1077
b2240,glpT,52.61,1359
b2241,glpA,57.34,1629
b2242,glpB,55.87,1260
b2243,glpC,53.99,1191
b2244,rpnE,48.33,900
b2245,yfaU,53.61,804
b2246,yfaV,52.71,1290
b2247,rhmD,52.16,1206
b2248,yfaX,50.96,783
b2249,yfaY,54.2,1203
b2250,yfaZ,53.22,543
b2251,nudI,47.65,426
b2252,ais,43.28,603
b2253,arnB,51.3,1158
b2254,arnC,49.85,969
b2255,arnA,51.13,1983
b2256,arnD,52.86,891
b2257,arnT,51.0,1653
b4544,arnE,53.57,336
b2258,arnF,48.58,387
b2259,pmrD,46.82,267
b2260,menE,56.05,1356
b2261,menC,58.98,963
b2262,menB,55.59,858
b2263,menH,56.13,759
b2264,menD,58.11,1671
b2265,menF,53.4,1296
b2266,elaB,51.96,306
b2267,elaA,47.84,462
b2268,rbn,50.76,918
b2269,elaD,35.4,1212
b2270,yfbK,47.22,1728
b2271,yfbL,45.06,972
b2272,yfbM,45.63,504
b2273,yfbN,39.05,717
b2274,yfbO,40.19,423
b2275,yfbP,43.46,849
b2276,nuoN,57.2,1458
b2277,nuoM,54.71,1530
b2278,nuoL,57.17,1842
b2279,nuoK,54.79,303
b2280,nuoJ,53.87,555
b2281,nuoI,54.33,543
b2282,nuoH,54.19,978
b2283,nuoG,56.4,2727
b2284,nuoF,56.2,1338
b2285,nuoE,55.29,501
b2286,nuoC,55.89,1791
b2287,nuoB,51.73,663
b2288,nuoA,53.38,444
b2289,lrhA,49.73,939
b2290,alaA,50.49,1218
b2291,yfbR,49.33,600
b2292,yfbS,52.26,1833
b2293,hxpA,56.53,651
b2294,yfbU,47.68,495
b2295,yfbV,50.88,456
b2296,ackA,52.2,1203
b2297,pta,55.52,2145
b2298,yfcC,52.07,1521
b2299,yfcD,53.22,543
b2300,yfcE,51.89,555
b2301,yfcF,51.63,645
b2302,yfcG,51.39,648
b2303,folX,44.9,363
b2304,yfcH,54.92,894
b2305,rpnB,45.57,891
b2306,hisP,51.94,774
b2307,hisM,49.65,717
b2308,hisQ,52.55,687
b2309,hisJ,48.79,783
b2310,argT,50.19,783
b2311,ubiX,53.16,570
b2312,purF,52.9,1518
b2313,cvpA,49.08,489
b2314,dedD,57.01,663
b2315,folC,56.03,1269
b2316,accD,55.41,915
b2317,dedA,48.94,660
b2318,truA,55.35,813
b2319,usg,54.93,1014
b2320,pdxB,53.03,1137
b2321,flk,52.01,996
b2322,yfcJ,56.57,1179
b2323,fabB,56.59,1221
b2324,mnmC,52.86,2007
b2325,yfcL,52.69,279
b2326,epmC,50.27,549
b2327,yfcA,52.72,810
b2328,mepA,55.39,825
b2329,aroC,56.72,1086
b2330,prmB,52.52,933
b2331,smrB,53.26,552
b2332,yfcO,45.5,822
b2333,yfcP,48.7,540
b2334,yfcQ,46.63,489
b2335,yfcR,49.12,513
b2336,yfcS,51.0,753
b2339,yfcV,46.1,564
b2340,sixA,53.29,486
b2341,fadJ,52.26,2145
b2342,fadI,55.84,1311
b2343,yfcZ,51.58,285
b2344,fadL,49.81,1341
b2345,yfdF,35.51,1059
b2346,mlaA,51.85,756
b2347,yfdC,48.55,933
b2349,intS,47.75,1158
b2350,yfdG,46.01,363
b2351,yfdH,39.52,921
b2352,yfdI,27.55,1332
b4780,yodE,37.41,147
b2354,yfdK,45.58,441
b2356,yfdM,52.54,276
b2357,yfdN,54.34,495
b2358,yfdO,56.1,369
b2359,yfdP,50.14,363
b2360,yfdQ,45.7,825
b2361,yfdR,46.18,537
b2362,yfdS,47.11,363
b2363,yfdT,42.81,306
b4545,ypdJ,43.26,141
b4501,torI,43.78,201
b2364,dsdC,48.08,936
b2365,dsdX,48.73,1338
b2366,dsdA,50.87,1329
b2367,emrY,41.65,1539
b2368,emrK,41.92,1164
b4781,evgL,33.33,30
b2369,evgA,40.0,615
b2370,evgS,40.82,3594
b2371,yfdE,45.46,1146
b2372,yfdV,44.76,945
b2373,oxc,46.61,1695
b2374,frc,47.08,1251
b2375,yfdX,46.23,636
b2376,ypdI,40.22,276
b2377,yfdY,48.15,243
b2378,lpxP,51.47,921
b4680,ypdK,38.89,72
b2379,alaC,54.96,1239
b2380,pyrS,51.41,1698
b2381,pyrR,47.48,735
b2382,ypdC,53.61,858
b2383,fryA,55.21,2496
b2384,ypdE,58.29,1038
b2385,ypdF,56.81,1086
b2386,fryC,54.33,1248
b2387,fryB,51.38,327
b2388,glk,51.55,966
b2389,yfeO,53.86,1257
b2390,ypeC,54.13,327
b2392,mntH,53.27,1239
b4819,ypeD,37.78,90
b2393,nupC,49.88,1203
b2394,insL3,51.93,1113
b2395,pdeA,49.0,2190
b2398,yfeC,50.14,345
b2399,yfeD,46.06,393
b2400,gltX,52.54,1416
b2405,xapR,50.51,885
b2406,xapB,48.05,1257
b2407,xapA,51.68,834
b2408,yfeN,45.23,765
b2409,yfeR,53.94,927
b2410,yfeH,51.75,999
b4546,ypeB,51.6,219
b2411,ligA,54.41,2016
b2412,zipA,55.12,987
b2413,cysZ,50.13,762
b2414,cysK,50.31,972
b2415,ptsH,50.78,258
b2416,ptsI,49.65,1728
b2417,crr,47.25,510
b2418,pdxK,52.23,852
b2419,yfeK,46.4,375
b2420,yfeS,39.18,735
b2421,cysM,56.47,912
b2422,cysA,58.65,1098
b2423,cysW,56.62,876
b2424,cysU,56.24,834
b2425,cysP,53.79,1017
b2426,ucpA,55.3,792
b2427,murR,51.63,858
b2428,murQ,53.51,897
b2429,murP,56.56,1425
b2430,yfeW,51.88,1305
b2431,yfeX,56.0,900
b2432,yfeY,50.87,576
b2433,yfeZ,52.89,450
b2434,ypeA,51.64,426
b2435,amiA,49.77,870
b2436,hemF,54.67,900
b2437,eutR,53.37,1053
b2438,eutK,58.08,501
b2439,eutL,56.36,660
b2440,eutC,56.64,888
b2441,eutB,55.65,1362
b2442,intZ,53.68,1209
b2443,yffL,44.39,642
b2444,yffM,48.78,246
b2445,yffN,46.61,369
b2446,yffO,48.92,417
b2447,yffP,52.36,594
b2448,yffQ,43.12,378
b2449,yffR,44.02,393
b2450,yffS,50.49,810
b2451,eutA,59.12,1404
b2452,eutH,55.18,1227
b2453,eutG,58.59,1188
b2454,eutJ,58.66,837
b2455,eutE,57.12,1404
b2456,eutN,53.12,288
b2457,eutM,58.16,294
b2458,eutD,58.21,1017
b2459,eutT,58.58,804
b2460,eutQ,55.98,702
b2461,eutP,49.79,480
b2462,eutS,50.6,336
b2463,maeB,54.12,2280
b2464,talA,50.26,951
b2465,tktB,54.64,2004
b2466,ypfG,54.6,1044
b2467,nudK,48.61,576
b2468,aegA,55.71,1980
b2469,narQ,51.62,1701
b2470,acrD,54.46,3114
b4606,ypfM,38.33,60
b2471,yffB,46.78,357
b2472,dapE,53.46,1128
b4547,ypfN,48.26,201
b2473,ypfH,53.93,699
b2474,tmcA,55.26,2016
b2475,ypfJ,53.59,864
b2476,purC,52.24,714
b2477,bamC,55.46,1035
b2478,dapA,51.76,879
b2479,gcvR,50.09,573
b2480,bcp,49.47,471
b2481,hyfA,56.31,618
b2482,hyfB,54.73,2019
b2483,hyfC,53.69,948
b2484,hyfD,55.35,1440
b2485,hyfE,53.3,651
b2486,hyfF,53.89,1581
b2487,hyfG,54.32,1668
b2488,hyfH,54.95,546
b2489,hyfI,55.73,759
b2490,hyfJ,52.66,414
b2491,hyfR,52.61,2013
b2492,focB,51.24,849
b2493,yfgO,54.14,1062
b2494,bepA,53.89,1464
b2495,yfgD,52.5,360
b2496,hda,53.85,702
b2497,uraA,51.94,1290
b2498,upp,52.95,627
b2499,purM,52.89,1038
b2500,purN,53.68,639
b2501,ppk,48.86,2067
b2502,ppx,51.17,1542
b2503,pdeF,46.61,2244
b2504,yfgG,49.48,192
b2505,yfgH,47.21,519
b2506,yfgI,49.26,540
b2507,guaA,54.12,1578
b2508,guaB,54.67,1467
b2509,xseA,53.25,1371
b2510,yfgJ,47.69,216
b2511,der,52.21,1473
b2512,bamB,53.27,1179
b2513,yfgM,49.76,621
b2514,hisS,54.75,1275
b2515,ispG,53.26,1119
b2516,rodZ,54.54,1014
b2517,rlmN,52.99,1155
b2518,ndk,52.31,432
b2519,pbpC,56.72,2313
b2520,yfhM,52.96,4962
b2521,sseA,53.19,846
b4812,timP,42.86,126
b2522,sseB,47.1,777
b2523,pepB,56.85,1284
b2524,iscX,50.25,201
b2525,fdx,51.79,336
b2526,hscA,57.7,1851
b2527,hscB,52.33,516
b2528,iscA,51.54,324
b2529,iscU,50.13,387
b2530,iscS,53.33,1215
b2531,iscR,53.58,489
b2532,trmJ,55.47,741
b2533,suhB,54.48,804
b2534,yfhR,50.53,855
b2535,csiE,51.52,1281
b2536,hcaT,56.49,1140
b2537,hcaR,49.83,891
b4706,iroK,50.0,66
b2538,hcaE,52.94,1362
b2539,hcaF,52.22,519
b2540,hcaC,55.45,321
b2541,hcaB,56.09,813
b2542,hcaD,54.03,1203
b2543,yphA,49.65,423
b2544,yphB,55.21,873
b2545,yphC,55.18,1062
b2546,yphD,56.16,999
b2547,yphE,56.08,1512
b2548,yphF,46.14,984
b2549,yphG,54.88,3282
b2550,yphH,50.59,1194
b2551,glyA,53.35,1254
b2552,hmp,52.48,1191
b2553,glnB,51.03,339
b2554,glrR,54.76,1335
b2555,qseG,54.2,714
b2556,glrK,53.15,1428
b2557,purL,56.89,3888
b2558,mltF,50.42,1557
b2559,tadA,54.76,504
b2560,pgpC,52.2,636
b2561,yfhH,51.71,849
b2562,yfhL,44.83,261
b4687,shoB,37.04,81
b2563,acpS,51.44,381
b2564,pdxJ,56.42,732
b2565,recO,54.05,729
b2566,era,52.32,906
b2567,rnc,50.66,681
b2568,lepB,52.0,975
b2569,lepA,53.72,1800
b2570,rseC,54.79,480
b2571,rseB,50.78,957
b2572,rseA,52.23,651
b2573,rpoE,48.78,576
b4725,rseD,44.23,156
b2574,nadB,53.17,1623
b2575,yfiC,52.44,738
b2576,srmB,54.76,1335
b2577,yfiE,49.66,882
b2578,eamB,51.19,588
b2579,grcA,47.92,384
b2580,ung,52.17,690
b2581,yfiF,56.26,1038
b2582,trxC,49.52,420
b2583,tapT,52.36,699
b2584,patZ,54.3,2661
b4782,pssL,30.95,42
b2585,pssA,48.89,1356
b2586,yfiM,53.7,324
b2587,kgtP,48.73,1299
b4783,yfiS,49.21,63
b2592,clpB,51.44,2574
b2592,clpB,51.69,2130
b2593,yfiH,54.78,732
b2594,rluD,52.8,981
b2595,bamD,51.22,738
b2597,raiA,46.2,342
b2598,pheL,37.5,48
b2599,pheA,49.18,1161
b2600,tyrA,52.32,1122
b2601,aroF,51.82,1071
b2602,yfiL,45.63,366
b2603,yfiR,45.66,519
b2604,dgcN,48.33,1227
b2605,yfiB,51.14,483
b2606,rplS,48.28,348
b2607,trmD,53.39,768
b2608,rimM,49.0,549
b2609,rpsP,51.41,249
b2610,ffh,54.19,1362
b2611,ypjD,52.65,792
b4461,yfjD,51.13,1287
b2614,grpE,50.34,594
b2615,nadK,49.94,879
b2616,recN,51.81,1662
b2617,bamE,49.42,342
b2618,yfjF,50.86,291
b2619,ratA,47.17,477
b2620,smpB,51.76,483
b2622,intA,47.58,1242
b2623,yfjH,36.78,957
b2624,alpA,46.95,213
b2625,yfjI,37.94,1410
b2626,yfjJ,40.35,627
b2627,abpB,48.9,2190
b2628,abpA,48.67,1617
b2629,yfjM,45.45,264
b2630,rnlA,44.32,1074
b2631,rnlB,45.97,372
b2632,yfjP,54.05,864
b2633,yfjQ,55.6,822
b2634,yfjR,57.26,702
b2635,ypjK,53.16,237
b2636,yfjS,50.9,444
b2637,yfjT,51.28,468
b2638,yfjU,41.59,315
b2642,yfjW,31.22,1704
b2643,yfjX,54.03,459
b2644,yfjY,54.24,483
b4548,ypjJ,54.73,201
b2645,yfjZ,54.4,318
b2646,ypjF,47.58,330
b2647,ypjA,49.2,4581
b2649,ypjB,35.1,792
b2650,ypjC,32.71,483
b2659,glaH,54.29,978
b2660,lhgD,57.68,1269
b2661,gabD,58.32,1449
b2662,gabT,59.33,1281
b2663,gabP,51.32,1401
b2664,glaR,53.54,663
b2665,kbp,48.44,450
b2666,yqaE,50.94,159
b2667,ygaV,53.0,300
b2668,ygaP,45.9,525
b2669,stpA,48.15,405
b2670,alaE,49.11,450
b2671,ygaC,46.96,345
b2672,ygaM,53.94,330
b2673,nrdH,53.25,246
b2674,nrdI,55.96,411
b2675,nrdE,51.84,2145
b2676,nrdF,48.23,960
b2677,proV,49.04,1203
b2678,proW,58.12,1065
b2679,proX,52.57,993
b2682,ygaZ,52.85,738
b2683,ygaH,54.46,336
b2684,mprA,49.15,531
b2685,emrA,53.37,1173
b2686,emrB,56.6,1539
b2687,luxS,51.55,516
b2688,gshA,51.32,1557
b2689,yqaA,49.42,429
b2690,yqaB,53.44,567
b2696,csrA,49.46,186
b2697,alaS,53.63,2631
b2698,recX,51.9,501
b2699,recA,54.14,1062
b2700,pncC,56.63,498
b2701,mltB,55.16,1086
b2702,srlA,50.18,564
b2703,srlE,54.69,960
b2704,srlB,55.11,372
b2705,srlD,53.33,780
b2706,gutM,55.0,360
b2707,srlR,48.84,774
b2708,gutQ,57.35,966
b2709,norR,56.83,1515
b2710,norV,53.33,1440
b2711,norW,54.06,1134
b2712,hypF,57.61,2253
b2713,hydN,52.27,528
b2714,ascG,53.21,1011
b2715,ascF,56.1,1458
b2716,ascB,51.51,1425
b2717,hycI,53.93,471
b2718,hycH,52.8,411
b2719,hycG,56.38,768
b2720,hycF,55.62,543
b2721,hycE,56.9,1710
b2722,hycD,58.44,924
b2723,hycC,58.18,1827
b2724,hycB,57.35,612
b2725,hycA,50.22,462
b2726,hypA,52.99,351
b2727,hypB,55.21,873
b2728,hypC,55.31,273
b2729,hypD,55.44,1122
b2730,hypE,57.27,1011
b2731,fhlA,52.57,2079
b2732,ygbA,50.56,354
b2733,mutS,56.13,2562
b2734,pphB,42.31,657
b2735,ygbI,51.56,768
b2736,ygbJ,53.03,909
b2737,ygbK,55.1,1167
b2738,ygbL,53.52,639
b2739,ygbM,51.48,777
b2740,ygbN,51.72,1365
b2741,rpoS,52.06,993
b2742,nlpD,52.46,1140
b2743,pcm,53.43,627
b2744,umpG,54.72,762
b2745,truD,52.19,1050
b2746,ispF,53.75,480
b2747,ispD,55.41,711
b2748,ftsB,51.92,312
b2749,ygbE,48.15,324
b2750,cysC,52.48,606
b2751,cysN,54.62,1428
b2752,cysD,53.03,909
b2753,iap,49.33,1038
b2754,cas2,46.32,285
b2755,cas1,51.31,918
b2756,casE,45.33,600
b2757,casD,48.15,675
b2758,casC,43.5,1092
b2759,casB,46.38,483
b2760,casA,43.8,1509
b2761,cas3,44.69,2667
b2762,cysH,50.75,735
b2763,cysI,56.04,1713
b2764,cysJ,56.06,1800
b2765,queD,49.45,366
b2766,ygcN,55.35,1272
b2767,ygcO,55.17,261
b2768,ygcP,46.53,576
b2769,ygcQ,55.63,861
b2770,ygcR,55.64,780
b2771,ygcS,53.21,1338
b4463,ygcU,50.52,1455
b2774,ygcW,45.67,786
b2775,yqcE,49.69,1278
b2776,ygcE,49.02,1479
b2777,queE,51.64,672
b4682,yqcG,24.11,141
b2778,ygcG,41.12,873
b2779,eno,50.35,1299
b2780,pyrG,51.89,1638
b2781,mazG,50.76,792
b2782,mazF,46.13,336
b2783,mazE,48.59,249
b2784,relA,53.78,2235
b2785,rlmD,51.46,1302
b2786,barA,49.84,2757
b2787,gudD,53.24,1341
b2788,gudX,53.99,1341
b2789,gudP,52.25,1353
b2790,yqcA,52.67,450
b2791,truC,54.02,783
b2792,yqcC,52.42,330
b2793,syd,47.8,546
b2794,queF,48.88,849
b2795,ppnN,51.36,1365
b2796,sdaC,52.33,1290
b2797,sdaB,54.97,1368
b2798,ygdG,52.78,756
b2799,fucO,53.52,1149
b2800,fucA,49.07,648
b2801,fucP,47.68,1317
b2802,fucI,54.5,1776
b2803,fucK,51.09,1419
b2804,fucU,48.94,423
b2805,fucR,48.22,732
b2806,rlmM,52.23,1101
b2807,ygdD,54.55,396
b2808,gcvA,49.13,918
b2809,ygdI,46.49,228
b2810,csdA,55.89,1206
b2811,csdE,54.5,444
b2812,tcdA,54.65,807
b2813,mltA,52.82,1098
b2817,amiC,53.51,1254
b2818,argA,52.55,1332
b2819,recD,55.28,1827
b2820,recB,54.56,3543
b2821,ptrA,51.16,2889
b2822,recC,53.61,3369
b2823,ppdC,54.94,324
b2824,ygdB,52.7,408
b2825,ppdB,52.3,564
b2826,ppdA,54.14,471
b2827,thyA,51.07,795
b2828,lgt,52.85,876
b2829,ptsP,53.89,2247
b2830,rppH,49.34,531
b4610,ygdT,42.18,147
b2831,mutH,53.62,690
b2832,ygdQ,49.86,714
b2833,ygdR,43.38,219
b2834,tas,54.37,1041
b2835,lplT,55.53,1194
b2836,aas,52.64,2160
b2837,galR,52.71,1032
b2838,lysA,53.05,1263
b2839,lysR,53.42,936
b2840,ygeA,50.94,693
b2841,araE,51.16,1419
b2842,kduD,51.97,762
b2843,kduI,49.58,837
b2844,yqeF,53.55,1182
b2845,yqeG,44.47,1230
b2846,yqeH,37.44,633
b2847,yqeI,39.63,810
b2848,yqeJ,31.68,483
b4683,yqeL,25.93,81
b2849,yqeK,32.86,426
b2851,ygeG,32.72,492
b2852,ygeH,34.71,1377
b2853,ygeI,33.79,219
b2860,insD4,55.08,906
b2861,insC4,53.01,366
b2863,ygeQ,42.77,795
b2865,actS,50.93,756
b2866,xdhA,52.99,2259
b2867,xdhB,53.7,879
b2868,xdhC,52.08,480
b2869,ygeV,45.76,1779
b2870,ygeW,49.96,1191
b2871,ygeX,53.63,1197
b2872,ygeY,51.49,1212
b2873,hyuA,52.81,1386
b2874,yqeA,49.09,933
b2875,yqeB,52.21,1626
b2876,yqeC,50.45,771
b2877,mocA,43.18,579
b2878,ygfK,52.21,3099
b2879,ssnA,52.67,1329
b2880,ygfM,54.49,780
b2881,xdhD,52.94,2871
b2882,xanQ,48.89,1401
b2883,guaD,48.94,1320
b4464,ghxQ,52.56,1368
b2886,ygfS,54.81,489
b2887,ygfT,52.86,1920
b2888,uacT,49.0,1449
b4684,yqfG,34.13,126
b4753,yqfH,44.44,72
b2889,idi,50.09,549
b2890,lysS,53.1,1518
b2891,prfB,53.55,1098
b2892,recJ,56.63,1734
b2893,dsbC,48.38,711
b2894,xerD,53.07,897
b2895,fldB,51.34,522
b2896,ygfX,53.43,408
b2897,sdhE,49.44,267
b2898,ygfZ,53.92,981
b2899,yqfA,51.97,660
b2900,yqfB,43.59,312
b2901,bglA,50.76,1440
b2902,ygfF,54.97,744
b2903,gcvP,55.95,2874
b2904,gcvH,52.56,390
b2905,gcvT,54.61,1095
b4754,yqfI,25.0,84
b2906,ubiI,54.95,1203
b2907,ubiH,59.54,1179
b2908,pepP,53.54,1326
b2909,ygfB,51.3,579
b2910,zapA,46.67,330
b2912,fau,51.91,549
b4665,ibsC,35.0,60
b2913,serA,52.96,1233
b2914,rpiA,51.82,660
b2916,argP,54.36,894
b2917,scpA,54.97,2145
b2918,argK,53.92,996
b2919,scpB,49.36,786
b2920,scpC,53.14,1479
b2921,ygfI,44.59,897
b2922,yggE,52.63,741
b2923,argO,50.79,636
b2924,mscS,49.94,861
b2925,fbaA,51.11,1080
b2926,pgk,52.32,1164
b2927,epd,51.47,1020
b2928,yggC,50.28,714
b2929,fumE,48.04,510
b2930,yggF,56.63,966
b4465,yggP,50.94,1278
b2933,cmtA,49.82,1389
b2934,cmtB,42.34,444
b2935,tktA,55.72,1992
b2936,loiP,51.52,759
b2937,speB,54.61,921
b2938,speA,54.27,1977
b2939,yqgB,40.91,132
b4784,yqgG,50.0,144
b2940,yqgC,48.15,216
b2941,yqgD,42.86,252
b2942,metK,53.25,1155
b2943,galP,53.12,1395
b2944,yggI,55.22,498
b2945,endA,54.8,708
b2946,rsmE,53.14,732
b2947,gshB,53.42,951
b2948,yqgE,51.06,564
b2949,yqgF,53.0,417
b2950,yggR,55.45,981
b2951,yggS,51.35,705
b2952,yggT,51.32,567
b2953,yggU,47.77,291
b2954,rdgB,55.56,594
b2955,hemW,53.21,1137
b2956,yggM,44.54,1008
b2957,ansB,52.63,1047
b2958,yggN,52.5,720
b2959,yggL,48.62,327
b2960,trmB,52.64,720
b2961,mutY,55.18,1053
b2962,yggX,47.46,276
b2963,mltC,51.11,1080
b2964,nupG,49.72,1257
b2965,speC,52.2,2136
b4785,yqgH,50.0,84
b2966,yqgA,51.69,708
b2968,yghD,53.26,537
b2969,yghE,57.26,861
b4786,yqhJ,41.67,60
b2970,yghF,50.2,996
b2971,yghG,44.04,411
b2972,pppA,51.73,810
b4466,yghJ,52.03,4563
b2975,glcA,53.48,1683
b2976,glcB,53.45,2172
b2977,glcG,54.57,405
b4467,glcF,55.56,1224
b4468,glcE,57.55,1053
b2979,glcD,56.67,1500
b2980,glcC,55.03,765
b2981,yghO,50.38,1173
b2982,insH9,55.05,981
b2983,yghQ,52.81,1068
b2984,yghR,53.49,759
b2985,yghS,50.28,714
b2986,yghT,47.47,693
b2987,pitB,51.93,1500
b2988,gss,52.47,1860
b2989,yghU,53.4,867
b2990,hybG,52.21,249
b2991,hybF,54.97,342
b2992,hybE,54.4,489
b2993,hybD,54.75,495
b2994,hybC,52.93,1704
b2995,hybB,54.11,1179
b2996,hybA,54.51,987
b2997,hybO,54.33,1119
b2998,yghW,45.49,288
b4755,yqhI,50.0,144
b3001,gpr,52.07,1041
b3002,yqhA,47.47,495
b3003,yghA,54.35,885
b3005,exbD,50.23,426
b3006,exbB,53.06,735
b3008,metC,51.01,1188
b3009,yghB,51.06,660
b3010,yqhC,50.47,957
b3011,yqhD,54.64,1164
b3012,dkgA,51.33,828
b3013,yqhG,47.36,927
b3014,yqhH,48.45,258
b4469,ygiQ,54.59,2220
b3017,ftsP,56.4,1413
b3018,plsC,49.46,738
b3019,parC,54.67,2259
b3020,ygiS,52.3,1608
b3021,mqsA,42.17,396
b3022,mqsR,40.07,297
b3023,ygiV,53.21,483
b3024,ygiW,51.91,393
b3025,qseB,51.67,660
b3026,qseC,53.04,1350
b3027,ygiZ,34.23,333
b3028,mdaB,50.52,582
b3029,ygiN,50.48,315
b3030,parE,53.57,1893
b3031,yqiA,53.78,582
b3032,cpdA,56.52,828
b3033,yqiB,48.23,423
b3034,nudF,50.79,630
b3035,tolC,51.35,1482
b3037,ygiB,56.1,672
b3038,ygiC,50.13,1161
b3039,ygiD,53.55,816
b3040,zupT,53.1,774
b4756,yqiD,45.03,171
b3041,ribB,51.83,654
b3042,ubiK,49.48,291
b3043,ygiL,43.66,552
b3046,yqiG,41.6,2505
b3044,insC5,53.01,366
b3045,insD5,55.08,906
b3047,yqiH,38.67,750
b3048,yqiI,39.91,1065
b3049,glgS,45.27,201
b3050,yqiJ,42.54,630
b3051,yqiK,50.42,1662
b4664,ibsD,36.67,60
b4666,ibsE,38.33,60
b3052,hldE,55.72,1434
b3053,glnE,55.97,2841
b3054,ygiF,55.38,1302
b3055,ygiM,52.66,621
b3056,cca,56.26,1239
b3057,bacA,52.43,822
b3058,folB,50.95,369
b3059,plsY,53.88,618
b3060,ttdR,49.62,933
b3061,ttdA,53.84,912
b3062,ttdB,53.96,606
b3063,ttdT,55.26,1464
b3064,tsaD,57.69,1014
b3065,rpsU,51.85,216
b3066,dnaG,52.29,1746
b3067,rpoD,52.99,1842
b3068,mug,53.65,507
b3070,nfeF,56.34,765
b3071,nfeR,53.69,624
b3072,aer,54.77,1521
b3073,patA,55.29,1380
b3074,ygjH,52.55,333
b3075,ebgR,51.73,984
b3076,ebgA,54.54,3093
b3077,ebgC,45.56,450
b3078,ygjI,49.65,1434
b3079,ygjJ,51.91,1071
b3080,ygjK,54.46,2352
b3081,fadH,57.21,2019
b3082,higA,48.44,417
b3083,higB,38.41,315
b3084,rlmG,53.83,1137
b3085,ygjP,50.79,504
b3086,ygjQ,51.52,693
b3087,ygjR,52.58,987
b3088,alx,54.04,966
b3089,sstT,55.18,1245
b3090,ygjV,49.64,552
b3091,uxaA,53.7,1488
b3092,uxaC,54.28,1413
b3093,exuT,54.43,1299
b3094,exuR,50.58,777
b4787,yqiM,41.67,84
b3095,yqjA,50.68,663
b3096,mzrA,53.91,384
b3097,yqjC,48.78,369
b3098,yqjD,54.9,306
b3099,yqjE,52.84,405
b3100,yqjK,56.67,300
b3101,yqjF,48.85,393
b3102,yqjG,51.17,987
b3103,yhaH,51.91,366
b3104,yhaI,44.82,357
b3105,yhaJ,55.3,897
b3106,yhaK,53.42,702
b3107,yhaL,52.12,165
b4470,cyuA,56.9,1311
b3110,cyuP,50.6,1332
b4471,tdcG,53.41,1365
b3113,tdcF,52.56,390
b3114,tdcE,53.12,2295
b3115,tdcD,48.3,1209
b3116,tdcC,49.85,1332
b3117,tdcB,46.36,990
b3118,tdcA,42.17,939
b3119,tdcR,28.77,219
b3120,yhaB,35.56,540
b3121,yhaC,31.82,1188
b3124,garK,53.75,1146
b3125,garR,52.99,885
b3126,garL,52.92,771
b3127,garP,51.31,1335
b3128,garD,52.86,1572
b3129,prlF,47.62,336
b3130,yhaV,43.87,465
b3131,agaR,52.22,810
b3132,kbaZ,55.27,1281
b3133,agaV,50.63,474
b3136,agaS,56.62,1155
b3137,kbaY,52.03,861
b3138,agaB,44.03,477
b3139,agaC,51.37,804
b3140,agaD,49.37,792
b3141,agaI,50.26,756
b3142,yraH,45.13,585
b3143,yraI,44.25,696
b3144,yraJ,47.6,2517
b3145,yraK,47.89,1092
b3146,rsmI,54.59,861
b3147,lpoA,54.05,2037
b3148,yraN,54.55,396
b3149,diaA,50.25,591
b3150,dolP,54.34,576
b3151,yraQ,57.73,1041
b3152,yraR,54.87,636
b3153,yhbO,50.29,519
b3154,yhbP,53.83,444
b3155,yhbQ,54.46,303
b3156,yhbS,55.56,504
b3157,ubiT,51.81,525
b3158,ubiU,56.83,996
b3159,ubiV,55.97,879
b3160,yhbW,55.85,1008
b3161,mtr,53.09,1245
b3162,deaD,55.56,1890
b4685,yrbN,39.51,81
b3163,nlpI,48.25,885
b3164,pnp,54.07,2136
b3165,rpsO,51.85,270
b3166,truB,52.49,945
b3167,rbfA,52.99,402
b3168,infB,53.42,2673
b3168,infB,53.81,2202
b3168,infB,53.92,2181
b3169,nusA,52.76,1488
b3170,rimP,48.57,453
b3172,argG,52.6,1344
b3173,yhbX,43.05,1626
b3175,secG,49.55,333
b3176,glmM,54.41,1338
b3177,folP,51.59,849
b3178,ftsH,53.59,1935
b3179,rlmE,50.48,630
b3180,yhbY,48.64,294
b3181,greA,48.43,477
b3182,dacB,53.14,1434
b3183,obgE,53.2,1173
b3184,yhbE,53.0,966
b3185,rpmA,50.0,258
b3186,rplU,48.4,312
b3187,ispB,52.67,972
b3188,sfsB,50.18,279
b3189,murA,53.33,1260
b3190,ibaG,50.59,255
b3191,mlaB,53.4,294
b3192,mlaC,52.36,636
b3193,mlaD,49.82,552
b3194,mlaE,55.17,783
b3195,mlaF,54.57,810
b3196,yrbG,52.04,978
b3197,kdsD,51.87,987
b3198,kdsC,52.56,567
b3199,lptC,46.35,576
b3200,lptA,49.64,558
b3201,lptB,54.41,726
b3202,rpoN,52.86,1434
b3203,hpf,44.79,288
b3204,ptsN,52.24,492
b3205,rapZ,52.16,855
b3206,npr,49.08,273
b3207,yrbL,51.18,633
b3208,mtgA,51.99,729
b3209,elbB,52.75,654
b3210,arcB,50.62,2337
b3211,yhcC,56.02,930
b3212,gltB,56.89,4461
b3213,gltD,56.17,1419
b3214,gltF,45.36,765
b3215,yhcA,41.63,675
b3216,yhcD,45.51,2382
b4569,yhcE,45.6,546
b3218,insH10,55.05,981
b3219,yhcF,43.51,717
b3220,yhcG,49.38,1128
b3221,nanQ,47.31,465
b3222,nanK,58.45,876
b3223,nanE,58.26,690
b3224,nanT,55.06,1491
b3225,nanA,52.01,894
b3226,nanR,52.27,792
b3227,dcuD,51.02,1368
b3228,sspB,55.22,498
b3229,sspA,53.68,639
b3230,rpsI,52.42,393
b3231,rplM,50.58,429
b3232,zapE,51.77,1128
b3233,zapG,54.39,399
b3234,degQ,52.05,1368
b3235,degS,52.72,1068
b3236,mdh,52.29,939
b3237,argR,48.62,471
b3238,yhcN,48.48,264
b3239,yhcO,42.86,273
b3240,aaeB,52.59,1968
b3241,aaeA,53.59,933
b3242,aaeX,47.55,204
b3243,aaeR,52.9,930
b3244,tldD,54.56,1446
b4472,yhdP,53.35,3801
b3247,rng,52.11,1470
b3248,yhdE,53.7,594
b3249,mreD,51.33,489
b3250,mreC,55.98,1104
b3251,mreB,54.31,1044
b3252,csrD,50.7,1941
b3253,yhdH,55.38,975
b3255,accB,51.8,471
b3256,accC,53.41,1350
b3257,yhdT,54.32,243
b3258,panF,54.34,1452
b3259,prmA,54.31,882
b3260,dusB,52.28,966
b3261,fis,47.14,297
b3262,yhdJ,47.46,885
b3263,yhdU,40.56,180
b3264,envR,44.19,663
b3265,acrE,52.07,1158
b3266,acrF,51.53,3105
b3267,yhdV,54.05,222
b3269,yhdX,50.25,1182
b3270,yhdY,52.45,1104
b3271,yhdZ,47.04,759
b3279,yrdA,48.83,555
b3280,yrdB,49.22,258
b3281,aroE,48.96,819
b3282,tsaC,52.18,573
b3283,yrdD,49.72,543
b3284,smg,45.99,474
b4473,smf,50.93,1125
b3287,def,46.27,510
b3288,fmt,52.85,948
b3289,rsmB,49.69,1290
b3290,trkA,50.11,1377
b3291,mscL,45.01,411
b4550,arfA,43.38,219
b3292,zntR,48.83,426
b3293,yhdN,47.97,369
b3294,rplQ,53.65,384
b3295,rpoA,52.22,990
b3296,rpsD,50.72,621
b3297,rpsK,51.54,390
b3298,rpsM,51.82,357
b3299,rpmJ,47.86,117
b3300,secY,49.7,1332
b3301,rplO,53.56,435
b3302,rpmD,50.0,180
b3303,rpsE,50.2,504
b3304,rplR,53.67,354
b3305,rplF,52.06,534
b3306,rpsH,50.13,393
b3307,rpsN,52.61,306
b3308,rplE,49.81,540
b3309,rplX,46.03,315
b3310,rplN,51.08,372
b3311,rpsQ,47.45,255
b3312,rpmC,54.17,192
b3313,rplP,51.82,411
b3314,rpsC,51.0,702
b3315,rplV,49.85,333
b3316,rpsS,48.75,279
b3317,rplB,52.68,822
b3318,rplW,48.18,303
b3319,rplD,52.97,606
b3320,rplC,51.43,630
b3321,rpsJ,55.45,312
b3322,gspB,45.95,420
b3323,gspA,48.98,1470
b3324,gspC,42.4,816
b3325,gspD,50.18,1953
b3326,gspE,52.5,1482
b3327,gspF,51.04,1197
b3328,gspG,48.63,438
b3329,gspH,56.08,510
b3330,gspI,47.88,378
b3331,gspJ,50.34,588
b3332,gspK,50.2,984
b3333,gspL,48.63,1164
b3334,gspM,47.84,462
b3335,gspO,50.44,678
b3336,bfr,43.19,477
b3337,bfd,46.15,195
b3338,chiA,50.37,2694
b3339,tufA,53.25,1185
b3340,fusA,50.83,2115
b3341,rpsG,50.19,540
b3342,rpsL,53.33,375
b3343,tusB,50.35,288
b3344,tusC,50.28,360
b3345,tusD,55.3,387
b3346,yheO,47.3,723
b3347,fkpA,48.22,813
b3348,slyX,52.97,219
b3349,slyD,55.33,591
b4551,yheV,48.26,201
b3350,kefB,54.76,1806
b3351,kefG,56.58,555
b3352,yheS,55.33,1914
b3353,yheT,54.25,1023
b3354,yheU,49.77,219
b3355,prkB,53.22,870
b3356,yhfA,51.6,405
b3357,crp,49.45,633
b3358,yhfK,52.78,2103
b3359,argD,54.55,1221
b4820,yrfJ,42.59,54
b3360,pabA,53.37,564
b3361,fic,53.07,603
b3362,yhfG,51.19,168
b3363,ppiA,51.13,573
b3364,tsgA,51.86,1182
b3365,nirB,54.28,2544
b3366,nirD,55.96,327
b3367,nirC,54.89,807
b3368,cysG,54.66,1374
b3369,yhfL,42.26,168
b3370,frlA,54.63,1338
b3371,frlB,54.45,1023
b4474,frlC,54.87,831
b3374,frlD,57.38,786
b3375,frlR,50.96,732
b3376,yhfS,56.91,1086
b3377,yhfT,53.03,1305
b3378,yhfU,47.46,354
b3379,php,53.01,879
b3380,yhfW,54.12,1227
b3381,yhfX,54.55,1164
b3382,yhfY,51.52,363
b3383,yhfZ,52.43,906
b3384,trpS,52.04,1005
b3385,gph,52.83,759
b3386,rpe,51.03,678
b3387,dam,49.58,837
b3388,damX,54.55,1287
b3389,aroB,54.18,1089
b3390,aroK,49.23,522
b3391,hofQ,54.48,1239
b3392,hofP,52.35,405
b3393,hofO,54.65,441
b3394,hofN,55.37,540
b3395,hofM,57.69,780
b3396,mrcA,55.54,2553
b3397,nudE,50.8,561
b3398,igaA,52.76,2136
b3399,yrfG,51.57,669
b3400,hslR,53.48,402
b3401,hslO,52.9,879
b3402,yhgE,50.09,1725
b3403,pck,53.6,1623
b3404,envZ,57.06,1353
b3405,ompR,55.14,720
b3406,greB,49.9,477
b3407,yhgF,56.85,2322
b3408,feoA,48.68,228
b3409,feoB,54.74,2322
b3410,feoC,54.85,237
b3411,rpnA,47.55,879
b3412,bioH,56.16,771
b3413,yhgH,55.99,684
b3414,nfuA,53.3,576
b3415,gntT,53.38,1317
b3416,malQ,55.16,2085
b3417,malP,52.3,2394
b3418,malT,54.1,2706
b4475,rtcA,59.69,1017
b3421,rtcB,50.94,1227
b3422,rtcR,55.78,1599
b3424,glpG,54.15,831
b3425,glpE,53.52,327
b3426,glpD,55.05,1506
b3427,yzgL,46.1,282
b3428,glgP,50.98,2448
b3429,glgA,54.95,1434
b3430,glgC,52.62,1296
b3431,glgX,54.36,1974
b3432,glgB,53.27,2187
b4788,yhgO,33.33,42
b4789,yhgP,33.33,30
b3433,asd,54.17,1104
b3434,yhgN,50.0,594
b4476,gntU,55.03,1341
b3437,gntK,49.62,528
b3438,gntR,54.42,996
b3439,yhhW,52.3,696
b3440,yhhX,50.77,1038
b3441,yhhY,51.74,489
b3442,yhhZ,34.01,1179
b3443,yrhA,28.48,495
b3444,insA6,52.9,276
b3445,insB6,54.56,504
b4612,yrhD,32.69,156
b3446,yrhB,45.61,285
b3447,ggt,55.02,1743
b3448,yhhA,51.47,441
b3449,ugpQ,56.45,744
b3450,ugpC,57.7,1071
b3451,ugpE,54.37,846
b3452,ugpA,55.86,888
b3453,ugpB,53.68,1317
b3454,livF,56.72,714
b3455,livG,55.21,768
b3456,livM,56.57,1278
b3457,livH,56.2,927
b3458,livK,54.14,1110
b3459,panZ,56.51,384
b3460,livJ,54.44,1104
b3461,rpoH,54.15,855
b3462,ftsX,53.07,1059
b3463,ftsE,56.35,669
b3464,ftsY,53.48,1494
b3465,rsmD,53.94,597
b3466,yhhL,45.56,270
b3467,yhhM,51.11,360
b3468,yhhN,56.62,627
b3469,zntA,58.25,2199
b3470,tusA,53.66,246
b3471,yhhQ,50.75,666
b3472,dcrB,52.15,558
b3473,yhhS,56.73,1218
b3474,yhhT,51.43,1050
b3475,acpT,56.46,588
b3476,nikA,53.33,1575
b3477,nikB,58.41,945
b3478,nikC,60.91,834
b3479,nikD,59.22,765
b3480,nikE,56.26,807
b3481,nikR,57.21,402
b3482,rhsB,58.81,4236
b3483,yhhH,33.33,384
b3484,yhhI,41.51,1137
b3485,yhhJ,54.67,1125
b3486,rbbA,56.73,2736
b3487,yhiI,58.24,1068
b4790,yhiY,50.88,114
b3488,yhiJ,37.46,1623
b3491,yhiM,47.1,1053
b3492,yhiN,55.11,1203
b3493,pitA,54.07,1500
b3494,uspB,47.02,336
b3495,uspA,49.2,435
b4791,yriA,46.67,75
b4792,yriB,44.44,54
b3496,dtpB,51.84,1470
b3497,rsmJ,58.17,753
b3498,prlC,54.72,2043
b3499,rlmJ,54.45,843
b3500,gor,53.81,1353
b4613,dinQ,46.43,84
b3501,arsR,50.85,354
b3502,arsB,53.95,1290
b3503,arsC,51.88,426
b3504,yhiS,33.91,1224
b3505,insH11,55.05,981
b3506,slp,45.86,567
b3507,dctR,39.74,531
b3508,yhiD,45.52,648
b3509,hdeB,40.06,327
b3510,hdeA,42.94,333
b3511,hdeD,46.6,573
b3512,gadE,32.95,528
b3513,mdtE,54.58,1158
b3514,mdtF,53.02,3114
b3515,gadW,41.84,729
b3516,gadX,40.97,825
b3517,gadA,53.96,1401
b3518,ccp,48.43,1398
b3519,treF,53.94,1650
b3520,yhjB,47.76,603
b3521,rcdB,53.33,900
b3522,yhjD,52.66,1014
b3523,yhjE,55.63,1323
b3524,yhjG,53.23,2061
b3525,pdeH,52.73,768
b3526,kdgK,57.1,930
b3527,yhjJ,53.44,1497
b3528,dctA,51.67,1287
b3529,pdeK,52.54,1989
b3530,bcsC,57.11,3474
b3531,bcsZ,54.74,1107
b3532,bcsB,54.91,2340
b3533,bcsA,55.36,2619
b3535,yhjR,46.03,189
b3536,bcsE,48.85,1572
b3537,bcsF,48.44,192
b3538,bcsG,52.68,1680
b4453,ldrD,52.78,108
b3539,yhjV,45.44,1272
b3540,dppF,56.12,1005
b3541,dppD,56.71,984
b3542,dppC,59.03,903
b3543,dppB,56.47,1020
b3544,dppA,51.55,1608
b3546,eptB,50.41,1692
b3547,yhjX,51.2,1209
b3548,yhjY,50.21,699
b3549,tag,49.82,564
b3550,yiaC,52.15,441
b3551,bisC,54.41,2334
b3552,yiaD,57.88,660
b3553,ghrB,52.0,975
b3554,yiaF,50.49,711
b3555,yiaG,43.99,291
b3556,cspA,48.36,213
b4793,ysaE,47.22,72
b4455,hokA,35.29,153
b3557,insJ,46.17,522
b3558,insK,42.84,852
b3559,glyS,55.41,2070
b3560,glyQ,56.14,912
b4553,ysaB,47.67,300
b3561,wecH,46.79,996
b3562,yiaA,41.1,438
b3563,yiaB,41.52,342
b3564,xylB,54.78,1455
b3565,xylA,50.87,1323
b3566,xylF,44.01,993
b3567,xylG,47.08,1542
b3568,xylH,53.89,1182
b3569,xylR,48.77,1179
b3570,bax,48.24,825
b4794,baxL,44.44,27
b3571,malS,52.83,2031
b3572,avtA,52.15,1254
b3573,ysaA,53.59,474
b3574,plaR,52.18,849
b3575,yiaK,53.05,999
b3576,yiaL,45.3,468
b3577,yiaM,44.09,474
b3578,yiaN,50.86,1278
b3579,yiaO,51.17,987
b3580,lyxK,57.45,1497
b3581,sgbH,59.43,663
b3582,sgbU,55.75,861
b3583,sgbE,57.33,696
b3584,yiaT,48.72,741
b3585,yiaU,47.69,975
b3586,yiaV,50.66,1137
b3587,yiaW,46.6,324
b3588,aldB,54.78,1539
b3589,yiaY,50.52,1152
b3590,selB,56.37,1845
b3591,selA,56.03,1392
b3592,yibF,52.71,609
b3593,rhsA,59.53,4134
b3594,yibA,33.69,843
b3596,yibG,32.25,462
b4615,yibV,36.31,336
b3597,yibH,52.68,1137
b3598,yibI,51.52,363
b3599,mtlA,53.87,1914
b3600,mtlD,52.39,1149
b3601,mtlR,51.02,588
b4554,yibT,49.05,210
b3602,yibL,50.96,363
b3603,lldP,55.13,1656
b3604,lldR,54.05,777
b3605,lldD,55.67,1191
b3606,trmL,55.06,474
b3607,cysE,53.53,822
b3608,gpsA,56.76,1020
b3609,secB,50.85,468
b3610,grxC,52.38,252
b3611,yibN,49.54,432
b3612,gpmM,53.46,1545
b3613,envC,57.06,1260
b3614,yibQ,52.71,960
b3615,waaH,45.99,1035
b3616,tdh,51.46,1026
b3617,kbl,54.22,1197
b3618,htrL,37.06,858
b3619,rfaD,50.91,933
b3620,waaF,53.68,1047
b3621,waaC,51.04,960
b3622,waaL,31.9,1260
b4795,yibX,37.45,243
b4795,yibX,33.33,75
b4796,yibY,38.74,111
b3623,waaU,31.01,1074
b3624,waaZ,32.51,852
b3625,waaY,35.34,699
b3626,waaJ,33.82,1017
b3627,waaO,36.18,1020
b3628,waaB,39.63,1080
b3629,waaS,26.82,936
b3630,waaP,43.36,798
b3631,waaG,44.8,1125
b3632,waaQ,44.64,1035
b3633,waaA,53.91,1278
b3634,coaD,52.71,480
b3635,mutM,53.83,810
b3636,rpmG,40.48,168
b3637,rpmB,53.16,237
b3638,yicR,47.98,669
b3639,dfp,53.64,1221
b3640,dut,54.47,459
b3641,slmA,53.1,597
b3642,pyrE,53.12,642
b3643,rph,56.19,687
b3644,yicC,53.82,864
b3645,dinD,45.82,825
b3646,yicG,53.4,618
b3647,ligB,52.58,1683
b3648,gmk,49.04,624
b3649,rpoZ,53.26,276
b3650,spoT,53.72,2109
b3651,trmH,55.36,690
b3652,recG,57.2,2082
b3653,gltS,53.65,1206
b3654,xanP,54.89,1392
b3655,yicH,54.21,1710
b3656,yicI,52.05,2319
b3657,yicJ,49.39,1383
b3659,setC,46.08,1185
b3660,yicL,48.7,924
b4797,yicU,45.0,60
b3661,nlpA,47.37,819
b4555,yicS,42.86,294
b3662,nepI,52.98,1191
b3663,yicN,52.76,453
b3664,adeQ,48.31,1335
b3665,adeD,54.61,1767
b3666,uhpT,52.87,1392
b3667,uhpC,55.0,1320
b3668,uhpB,57.09,1503
b3669,uhpA,58.88,591
b3670,ilvN,48.45,291
b3671,ilvB,56.31,1689
b3672,ivbL,58.59,99
b4618,tisB,42.22,90
b4798,ysdE,40.0,75
b3673,emrD,57.13,1185
b3674,yidF,53.61,498
b3675,yidG,50.41,363
b3676,yidH,52.01,348
b3677,yidI,48.0,450
b3678,yidJ,52.01,1494
b3679,yidK,53.5,1716
b3680,yidL,43.51,894
b3682,glvB,50.62,486
b3683,glvC,52.85,1107
b3684,yidP,51.32,717
b3685,yidE,52.89,1662
b3686,ibpB,48.95,429
b3687,ibpA,47.1,414
b3688,yidQ,53.75,333
b3689,yidR,55.21,1248
b3690,cbrA,51.46,1065
b3691,dgoT,52.98,1293
b4478,dgoD,52.83,1149
b4477,dgoA,59.39,618
b3693,dgoK,54.15,879
b4479,dgoR,55.36,690
b3696,yidX,42.92,657
b3697,yidA,51.05,813
b3698,yidB,51.13,399
b3699,gyrB,54.99,2415
b3700,recF,55.03,1074
b3701,dnaN,54.22,1101
b3702,dnaA,54.06,1404
b4757,ysdD,40.74,81
b3703,rpmH,51.77,141
b3704,rnpA,55.83,360
b4557,yidD,54.65,258
b3705,yidC,53.67,1647
b3706,mnmE,56.34,1365
b3707,tnaC,34.67,75
b3708,tnaA,50.85,1416
b3709,tnaB,46.47,1248
b3710,mdtL,53.06,1176
b3711,yidZ,52.19,960
b3712,yieE,52.27,750
b3713,yieF,52.73,567
b3714,adeP,53.74,1338
b3715,yieH,48.05,666
b3716,cbrB,43.8,468
b3717,cbrC,44.56,588
b3718,yieK,49.52,723
b3719,yieL,50.0,1170
b3720,bglH,45.15,1617
b3721,bglB,48.55,1413
b3722,bglF,51.17,1878
b3723,bglG,42.89,837
b3724,phoU,52.62,726
b3725,pstB,52.33,774
b3726,pstA,56.23,891
b3727,pstC,54.69,960
b3728,pstS,51.49,1041
b3729,glmS,53.55,1830
b3730,glmU,52.66,1371
b3731,atpC,55.24,420
b3732,atpD,54.74,1383
b3733,atpG,53.47,864
b3734,atpA,53.37,1542
b3735,atpH,51.87,534
b3736,atpF,52.87,471
b3737,atpE,54.17,240
b3738,atpB,50.25,816
b3739,atpI,52.23,381
b3740,rsmG,48.72,624
b3741,mnmG,54.39,1890
b3742,mioC,50.0,444
b3743,asnC,49.46,459
b3744,asnA,56.5,993
b3745,viaA,52.75,1452
b3746,ravA,49.7,1497
b3747,kup,51.42,1869
b3748,rbsD,47.62,420
b3749,rbsA,51.2,1506
b3750,rbsC,53.42,966
b3751,rbsB,52.86,891
b3752,rbsK,51.94,930
b3753,rbsR,50.65,993
b3754,hsrA,49.09,1428
b3755,yieP,49.35,693
b4480,hdfR,48.45,840
b3764,maoP,48.08,339
b3765,yifB,50.89,1521
b3766,ilvL,53.54,99
b4669,ilvX,37.25,51
b3769,ilvM,49.24,264
b3770,ilvE,54.95,930
b3771,ilvD,56.35,1851
b3772,ilvA,58.77,1545
b3773,ilvY,57.61,894
b3774,ilvC,53.79,1476
b3775,ppiC,51.77,282
b3778,rep,53.46,2022
b3779,gpp,53.67,1485
b3780,rhlB,52.53,1266
b3781,trxA,50.91,330
b3782,rhoL,49.02,102
b3783,rho,50.32,1260
b3784,rfe,49.46,1104
b3785,wzzE,52.72,1047
b3786,wecB,52.61,1131
b3787,wecC,53.76,1263
b3788,rffG,53.75,1068
b3789,rffH,55.1,882
b3790,rffC,55.56,675
b3791,wecE,54.38,1131
b3792,wzxE,53.64,1251
b4481,wecF,52.87,1080
b3793,wzyE,52.4,1353
b3794,rffM,53.17,741
b3795,yifK,53.46,1386
b3800,aslB,52.67,1236
b3801,aslA,53.2,1656
b3802,hemY,54.97,1197
b3803,hemX,53.38,1182
b3804,hemD,52.9,741
b3805,hemC,56.16,942
b3806,cyaA,51.94,2547
b3807,cyaY,53.89,321
b3808,yzcX,49.79,486
b4558,yifL,52.45,204
b3809,dapF,55.15,825
b3810,yigA,55.79,708
b3811,xerC,53.96,897
b3812,yigB,55.79,717
b3813,uvrD,57.7,2163
b4482,yigE,47.84,765
b4799,ysgD,47.37,57
b3816,corA,52.68,951
b3817,yigF,34.91,381
b3818,yigG,32.81,381
b3819,rarD,50.62,891
b3820,yigI,53.21,468
b3821,pldA,51.26,870
b3822,recQ,55.14,1830
b3823,rhtC,52.5,621
b3824,rhtB,52.17,621
b3825,pldB,53.76,1023
b3826,yigL,51.56,801
b3827,bioP,55.56,900
b3828,metR,56.29,954
b3829,metE,56.23,2262
b3830,ysgA,54.53,816
b3831,udp,54.07,762
b3832,rmuC,53.08,1428
b3833,ubiE,52.12,756
b3834,ubiJ,55.78,606
b3835,ubiB,49.97,1641
b3836,tatA,45.56,270
b3838,tatB,55.43,516
b3839,tatC,51.61,777
b4483,tatD,54.28,783
b3842,rfaH,49.69,489
b3843,ubiD,53.82,1494
b3844,fre,52.85,702
b3845,fadA,57.73,1164
b3846,fadB,55.21,2190
b3847,pepQ,53.68,1332
b3848,yigZ,55.61,615
b3849,trkH,53.1,1452
b3850,hemG,51.83,546
b3856,mobB,48.67,528
b3857,mobA,50.09,585
b3858,yihD,46.3,270
b3859,srkA,48.63,987
b3860,dsbA,48.01,627
b3861,yihF,41.65,1431
b3862,yihG,45.12,933
b3863,polA,51.96,2787
b3865,yihA,51.66,633
b3866,yihI,52.35,510
b3867,hemN,53.13,1374
b4686,yshB,51.35,111
b3868,glnG,56.95,1410
b3869,glnL,55.24,1050
b3870,glnA,52.91,1410
b3871,bipA,53.45,1824
b3872,yihL,49.09,711
b3873,yihM,43.93,981
b3874,yihN,45.02,1266
b3875,ompL,40.84,693
b3876,yihO,45.01,1404
b3877,yihP,52.38,1386
b3878,yihQ,53.51,2037
b3879,yihR,48.22,927
b3880,yihS,53.3,1242
b3881,yihT,53.81,879
b3882,yihU,55.3,897
b3883,yihV,55.63,897
b3884,csqR,52.42,786
b3885,yihX,50.5,600
b3886,yihY,50.86,873
b3887,dtd,55.02,438
b3888,fabY,55.05,990
b3889,yiiE,47.03,219
b3890,yiiF,46.12,219
b3891,fdhE,54.62,930
b3892,fdoI,52.52,636
b3893,fdoH,55.48,903
b3894,fdoG,55.1,3051
b3895,fdhD,53.12,834
b3896,yiiG,45.64,1056
b3897,frvR,50.03,1749
b3898,frvX,52.57,1071
b3899,frvB,55.92,1452
b3900,frvA,50.11,447
b3901,rhaM,50.79,315
b3902,rhaD,55.76,825
b3903,rhaA,56.11,1260
b3904,rhaB,54.76,1470
b3905,rhaS,51.85,837
b3906,rhaR,50.18,849
b3907,rhaT,51.69,1035
b3908,sodA,53.3,621
b3909,kdgT,52.74,984
b3910,yiiM,53.04,675
b3911,cpxA,54.59,1374
b3912,cpxR,51.36,699
b4484,cpxP,50.1,501
b3915,fieF,52.16,903
b3916,pfkA,53.48,963
b3917,sbp,50.61,990
b3918,cdh,48.68,756
b3919,tpiA,52.6,768
b3920,yiiQ,49.17,600
b3921,yiiR,49.43,441
b3922,yiiS,46.33,300
b3923,uspD,43.12,429
b3924,fpr,53.55,747
b3925,glpX,56.78,1011
b3926,glpK,54.08,1509
b3927,glpF,50.95,846
b3928,zapB,48.37,246
b3929,rraA,52.26,486
b3930,menA,53.4,927
b3931,hslU,52.63,1332
b3932,hslV,52.73,531
b3933,ftsN,57.4,960
b3934,cytR,52.05,1026
b3935,priA,57.48,2199
b3936,rpmE,49.3,213
b3937,yiiX,52.38,609
b3938,metJ,51.89,318
b3939,metB,54.95,1161
b3940,metL,58.32,2433
b3941,metF,51.85,891
b3942,katG,55.75,2181
b3943,yijE,54.08,906
b3944,yijF,52.59,618
b3945,gldA,54.71,1104
b3946,fsaB,53.39,663
b3947,ptsA,55.36,2502
b3949,frwC,54.17,1080
b3950,frwB,49.22,321
b3951,pflD,53.13,2298
b3952,pflC,54.95,879
b3953,frwD,56.14,342
b3954,yijO,53.05,852
b3955,eptC,50.0,1734
b3956,ppc,55.66,2652
b3957,argE,51.74,1152
b3958,argC,53.53,1005
b3959,argB,55.47,777
b3960,argH,56.48,1374
b3961,oxyR,55.45,918
b3962,sthA,51.82,1401
b3963,fabR,52.62,705
b3964,yijD,49.17,360
b3965,trmA,50.86,1101
b3966,btuB,50.24,1845
b3967,murI,51.52,858
b3972,murB,45.97,1029
b3973,birA,49.38,966
b3974,coaA,44.06,951
b3980,tufB,53.42,1185
b3981,secE,54.95,384
b3982,nusG,51.65,546
b3983,rplK,52.21,429
b3984,rplA,51.63,705
b3985,rplJ,52.41,498
b3986,rplL,46.17,366
b3987,rpoB,52.62,4029
b3988,rpoC,53.84,4224
b3989,yjaZ,42.41,540
b3990,thiH,55.03,1134
b3991,thiG,58.5,771
b4407,thiS,55.72,201
b3992,thiF,57.54,756
b3993,thiE,58.02,636
b3994,thiC,55.75,1896
b3995,rsd,49.06,477
b3996,nudC,53.23,774
b3997,hemE,56.06,1065
b3998,nfi,58.78,672
b3999,yjaG,48.56,591
b4000,hupA,48.35,273
b4001,yjaH,53.45,696
b4002,zraP,53.52,426
b4003,zraS,54.29,1398
b4004,zraR,56.26,1326
b4005,purD,58.22,1290
b4006,purH,56.29,1590
b4011,yjaA,45.31,384
b4012,yjaB,54.5,444
b4013,metA,50.0,930
b4014,aceB,51.75,1602
b4015,aceA,55.33,1305
b4016,aceK,52.79,1737
b4017,arpA,37.63,2187
b4018,iclR,54.18,825
b4019,metH,55.84,3684
b4020,yjbB,55.33,1632
b4021,pepE,54.35,690
b4022,rluF,51.55,873
b4023,yjbD,49.45,273
b4024,lysC,53.85,1350
b4025,pgi,51.33,1650
b4026,yjbE,60.49,243
b4027,yjbF,54.77,639
b4028,yjbG,58.67,738
b4029,yjbH,54.03,2097
b4620,yjbT,49.1,279
b4030,psiE,49.15,411
b4031,xylE,49.59,1476
b4032,malG,54.55,891
b4033,malF,53.27,1545
b4034,malE,51.05,1191
b4035,malK,54.84,1116
b4036,lamB,51.68,1341
b4037,malM,53.42,921
b4039,ubiC,52.81,498
b4040,ubiA,51.78,873
b4041,plsB,55.16,2424
b4042,dgkA,51.76,369
b4043,lexA,51.89,609
b4044,dinF,55.72,1380
b4045,yjbJ,42.38,210
b4046,zur,52.13,516
b4047,yjbL,28.63,255
b4048,yjbM,36.58,708
b4049,dusA,53.66,1038
b4050,pspG,49.79,243
b4051,qorA,53.05,984
b4052,dnaB,53.81,1416
b4053,alr,55.93,1080
b4054,tyrB,52.76,1194
b4621,yjbS,28.43,204
b4055,aphA,49.44,714
b4056,yjbQ,51.8,417
b4057,yjbR,50.42,357
b4058,uvrA,56.08,2823
b4059,ssb,58.1,537
b4060,yjcB,52.48,282
b4061,pdeC,44.74,1587
b4062,soxS,50.93,324
b4063,soxR,52.04,465
b4064,ghxP,55.93,1350
b4065,yjcE,55.82,1650
b4066,yjcF,32.95,1293
b4067,actP,55.76,1650
b4068,yjcH,49.21,315
b4069,acs,56.87,1959
b4821,ytcB,31.58,57
b4070,nrfA,52.26,1437
b4071,nrfB,53.97,567
b4072,nrfC,57.89,672
b4073,nrfD,57.58,957
b4074,nrfE,57.32,1659
b4075,nrfF,52.34,384
b4076,nrfG,51.76,597
b4077,gltP,53.27,1314
b4078,yjcO,49.71,690
b4079,fdhF,54.38,2148
b4080,mdtP,55.76,1467
b4081,mdtO,54.53,2052
b4082,mdtN,55.91,1032
b4622,ytcA,47.46,276
b4083,yjcS,52.92,1986
b4084,alsK,54.95,930
b4085,alsE,49.14,696
b4086,alsC,52.5,981
b4087,alsA,47.95,1533
b4088,alsB,48.5,936
b4089,alsR,47.47,891
b4090,rpiB,50.22,450
b4487,yjdP,56.06,330
b4092,phnP,59.29,759
b4093,phnO,57.93,435
b4094,phnN,60.22,558
b4095,phnM,61.3,1137
b4096,phnL,60.21,681
b4097,phnK,61.4,759
b4098,phnJ,58.27,846
b4099,phnI,62.63,1065
b4100,phnH,60.85,585
b4101,phnG,62.69,453
b4102,phnF,61.85,726
b4105,phnD,55.46,1017
b4106,phnC,58.56,789
b4107,yjdN,51.58,444
b4108,yjdM,46.43,336
b4109,rdcA,51.46,2229
b4110,rdcB,56.88,879
b4111,proP,50.43,1503
b4703,pmrR,42.22,90
b4112,basS,54.21,1092
b4113,basR,53.21,669
b4114,eptA,49.45,1644
b4115,adiC,53.74,1338
b4116,adiY,41.34,762
b4117,adiA,52.69,2268
b4118,melR,50.28,909
b4119,melA,52.43,1356
b4120,melB,45.85,1422
b4121,yjdF,54.92,630
b4122,fumB,54.64,1647
b4123,dcuB,52.27,1341
b4124,dcuR,49.31,720
b4125,dcuS,49.94,1632
b4126,yjdI,48.92,231
b4127,yjdJ,41.03,273
b4128,ghoS,35.02,297
b4559,ghoT,35.06,174
b4129,lysU,47.43,1518
b4130,dtpC,51.1,1458
b4131,cadA,47.58,2148
b4132,cadB,49.44,1335
b4133,cadC,41.98,1539
b4135,yjdC,53.12,576
b4136,dsbD,54.42,1698
b4137,cutA,50.15,339
b4138,dcuA,52.61,1302
b4139,aspA,49.2,1437
b4140,fxsA,47.38,477
b4141,yjeH,52.27,1257
b4142,groS,48.64,294
b4143,groL,52.88,1647
b4144,yjeI,55.37,354
b4145,yjeJ,45.17,870
b4146,epmB,52.67,1029
b4147,efp,49.38,567
b4410,ecnA,53.97,126
b4411,ecnB,48.3,147
b4148,gdx,53.14,318
b4149,blc,53.37,534
b4150,ampC,50.18,1134
b4151,frdD,54.44,360
b4152,frdC,49.24,396
b4153,frdB,53.61,735
b4154,frdA,56.38,1809
b4155,epmA,52.66,978
b4156,yjeM,47.11,1503
b4157,yjeN,50.16,315
b4158,yjeO,47.94,315
b4159,mscM,55.75,3324
b4160,psd,53.46,969
b4161,rsgA,53.94,1053
b4162,orn,54.03,546
b4670,yjeV,40.74,54
b4166,queG,52.63,1140
b4167,nnr,57.11,1548
b4168,tsaE,52.38,462
b4169,amiB,55.08,1338
b4170,mutL,56.28,1848
b4171,miaA,53.42,951
b4172,hfq,48.87,309
b4173,hflX,53.86,1281
b4174,hflK,56.19,1260
b4175,hflC,53.03,1005
b4176,yjeT,48.99,198
b4177,purA,53.89,1299
b4178,nsrR,48.36,426
b4179,rnr,55.28,2442
b4180,rlmB,56.28,732
b4181,yjfI,38.56,402
b4182,yjfJ,51.36,699
b4183,yjfK,47.42,660
b4184,yjfL,43.61,399
b4185,yjfM,48.98,639
b4186,yjfC,52.92,1164
b4187,aidB,54.31,1626
b4188,yjfN,51.09,276
b4189,bsmA,48.79,330
b4190,yjfP,53.2,750
b4191,ulaR,50.66,756
b4192,ulaG,52.21,1065
b4193,ulaA,53.08,1398
b4194,ulaB,50.65,306
b4195,ulaC,53.98,465
b4196,ulaD,57.14,651
b4197,ulaE,56.73,855
b4198,ulaF,57.21,687
b4199,yjfY,46.01,276
b4200,rpsF,52.53,396
b4201,priB,52.38,315
b4202,rpsR,52.63,228
b4203,rplI,49.78,450
b4204,yjfZ,42.39,795
b4206,ytfB,55.71,639
b4207,fklB,55.72,621
b4208,cycA,52.58,1413
b4209,ytfE,53.09,663
b4210,ytfF,55.59,966
b4211,qorB,54.24,861
b4212,ytfH,56.17,381
b4213,cpdB,49.49,1944
b4214,cysQ,55.2,741
b4215,ytfI,36.1,939
b4216,ytfJ,52.43,555
b4217,ytfK,43.48,207
b4218,paeA,50.74,1344
b4219,msrA,54.46,639
b4220,tamA,53.34,1734
b4221,tamB,55.0,3780
b4222,ytfP,51.46,342
b4224,chpS,50.4,252
b4225,chpB,53.85,351
b4226,ppa,51.22,531
b4227,ytfQ,49.84,957
b4485,ytfR,55.56,1503
b4230,ytfT,57.6,1026
b4231,yjfF,51.81,996
b4232,fbp,51.45,999
b4233,mpl,55.31,1374
b4234,yjgA,52.9,552
b4235,tldE,54.25,1353
b4237,nrdG,50.97,465
b4238,nrdD,53.53,2139
b4239,treC,53.08,1656
b4240,treB,54.36,1422
b4241,treR,53.8,948
b4702,mgtL,50.0,54
b4242,mgtA,52.47,2697
b4243,ridA,52.97,387
b4244,pyrI,48.48,462
b4245,pyrB,53.74,936
b4246,pyrL,50.37,135
b4248,yjgH,47.22,396
b4249,bdcA,54.34,714
b4251,bdcR,49.16,594
b4252,tabA,50.11,453
b4253,yjgL,32.18,1815
b4254,argI,52.14,1005
b4255,rraB,48.92,417
b4256,yjgM,51.98,504
b4257,yjgN,37.09,1197
b4258,valS,54.59,2856
b4259,holC,54.05,444
b4260,pepA,55.29,1512
b4822,ytgB,40.35,57
b4800,ytgA,33.33,51
b4261,lptF,54.77,1101
b4262,lptG,54.29,1083
b4263,yjgR,53.76,1503
b4264,idnR,47.05,999
b4265,idnT,50.61,1320
b4266,idnO,49.41,765
b4267,idnD,47.38,1032
b4268,idnK,43.44,564
b4269,ahr,55.59,1020
b4272,insC6,53.01,366
b4273,insD6,55.08,906
b4277,yjgZ,58.18,330
b4278,insG,54.18,1329
b4279,nanX,36.29,1218
b4280,nanY,38.7,1119
b4655,ythA,30.95,126
b4623,insO,51.2,1041
b4284,insI3,45.83,1152
b4287,fecE,54.04,768
b4288,fecD,59.77,957
b4289,fecC,60.66,999
b4290,fecB,57.7,903
b4291,fecA,58.54,2325
b4292,fecR,59.01,954
b4293,fecI,54.6,522
b4801,ykiE,47.83,69
b4294,insA7,52.9,276
b4295,yjhU,50.35,987
b4296,yjhF,49.04,1350
b4297,yjhG,54.52,1968
b4298,yjhH,52.65,906
b4299,yjhI,40.81,789
b4300,sgcR,49.68,783
b4301,sgcE,55.45,633
b4302,sgcA,54.4,432
b4303,sgcQ,53.28,807
b4304,sgcC,51.75,1314
b4565,sgcB,48.39,279
b4305,sgcX,52.41,1122
b4306,yjhP,59.57,747
b4307,yjhQ,55.31,546
b4566,topAI,49.61,258
b4802,ythB,46.46,99
b4309,nanS,48.73,981
b4310,nanM,44.17,1107
b4311,nanC,42.96,717
b4312,fimB,43.45,603
b4313,fimE,46.9,597
b4314,fimA,51.73,549
b4315,fimI,49.26,540
b4316,fimC,44.49,726
b4317,fimD,48.62,2637
b4318,fimF,49.53,531
b4319,fimG,52.38,504
b4320,fimH,50.17,903
b4321,gntP,53.05,1344
b4322,uxuA,54.35,1185
b4323,uxuB,57.63,1461
b4324,uxuR,53.62,774
b4325,yjiC,40.19,831
b4720,ytiC,24.51,102
b4721,ytiD,32.64,144
b4722,idlP,48.81,84
b4326,iraD,48.85,393
b4327,hypT,51.32,912
b4328,iadA,56.61,1173
b4329,yjiG,53.25,462
b4330,yjiH,53.07,684
b4331,kptA,50.81,555
b4332,yjiJ,53.52,1179
b4333,yjiK,42.62,861
b4715,ytiA,52.71,258
b4334,yjiL,56.51,768
b4335,yjiM,53.56,1152
b4336,yjiN,52.62,1281
b4337,mdtM,53.77,1233
b4823,ytiE,33.33,36
b4340,yjiR,55.06,1413
b4341,yjiS,55.76,165
b4342,yjiT,44.47,1518
b4345,mcrC,37.44,1047
b4346,mcrB,40.36,1380
b4346,mcrB,41.36,897
b4347,symE,55.56,342
b4348,hsdS,40.43,1395
b4349,hsdM,54.84,1590
b4350,hsdR,53.91,3513
b4351,mrr,50.6,915
b4352,yjiA,54.65,957
b4353,yjiX,50.49,204
b4354,btsT,56.07,2151
b4355,tsr,54.65,1656
b4356,lgoT,51.98,1362
b4357,lgoR,47.43,915
b4358,lgoD,50.83,1023
b4359,opgB,52.01,2292
b4360,yjjA,50.51,495
b4361,dnaC,50.54,738
b4362,dnaT,57.04,540
b4363,yjjB,51.05,474
b4364,yjjP,51.62,771
b4365,yjjQ,45.04,726
b4366,bglJ,45.28,678
b4367,fhuF,53.11,789
b4567,yjjZ,48.1,237
b4371,rsmC,55.72,1032
b4372,holD,57.73,414
b4373,rimI,52.35,447
b4374,yjjG,53.54,678
b4375,prfC,54.03,1590
b4376,osmY,51.65,606
b4568,ytjA,51.85,162
b4377,yjjU,53.91,1074
b4378,yjjV,55.51,780
b4379,yjjW,56.37,864
b4380,yjjI,53.13,1551
b4381,deoC,55.38,780
b4382,deoA,55.18,1323
b4383,deoB,54.33,1224
b4384,deoD,52.36,720
b4385,yjjJ,53.83,1332
b4386,lplA,57.82,1017
b4387,ytjB,55.66,645
b4388,serB,56.66,969
b4389,radA,57.7,1383
b4390,nadR,50.93,1233
b4391,ettA,54.74,1668
b4392,slt,54.54,1938
b4393,trpR,54.13,327
b4394,yjjX,56.14,513
b4395,ytjC,56.17,648
b4396,rob,53.22,870
b4397,creA,48.95,474
b4398,creB,55.22,690
b4399,creC,53.89,1425
b4400,creD,49.59,1353
b4401,arcA,51.05,717
b4402,yjjY,42.55,141
b4824,ytjE,24.07,54
b4403,yjtD,49.78,687
